Acidaminococcus-intestini-D21-MAF-2_metC,1_1849/8-376,1_1849,379,222.4,8.1e-67,0.0,369,222.2,2.2e-69,9.3e-67,0.0,workflow/out/metC/hmmer_output/Acidaminococcus-intestini-D21-MAF-2_metC.domtblout
Acidaminococcus-intestini-D21-MAF-2_metC,1_2069/14-227,1_2069,432,204.4,2.5e-61,0.3,214,112.2,6.1e-36,2.6e-33,0.2,workflow/out/metC/hmmer_output/Acidaminococcus-intestini-D21-MAF-2_metC.domtblout
Acidaminococcus-intestini-D21-MAF-2_metC,1_2069/273-430,1_2069,432,204.4,2.5e-61,0.3,158,90.7,2e-29,8.5e-27,0.0,workflow/out/metC/hmmer_output/Acidaminococcus-intestini-D21-MAF-2_metC.domtblout
Acidaminococcus-intestini-D21-MAF-2_metC,1_1142/52-204,1_1142,411,15.0,0.00089,0.0,153,14.4,3.1e-06,0.0013,0.0,workflow/out/metC/hmmer_output/Acidaminococcus-intestini-D21-MAF-2_metC.domtblout
Acidaminococcus-intestini-D21-MAF-2_metC,1_1295/90-186,1_1295,352,12.6,0.0045,0.1,97,12.0,1.7e-05,0.0072,0.1,workflow/out/metC/hmmer_output/Acidaminococcus-intestini-D21-MAF-2_metC.domtblout
Acidaminococcus-intestini-D21-MAF-2_metC,1_2110/98-231,1_2110,409,11.8,0.008,0.0,134,11.3,2.6e-05,0.011,0.0,workflow/out/metC/hmmer_output/Acidaminococcus-intestini-D21-MAF-2_metC.domtblout
Akkermansia_muciniphila_metC,NZ_AP021898.1_2193/9-223,NZ_AP021898.1_2193,429,217.5,2.9e-65,0.4,215,119.5,2.9e-38,1.7e-35,0.4,workflow/out/metC/hmmer_output/Akkermansia_muciniphila_metC.domtblout
Akkermansia_muciniphila_metC,NZ_AP021898.1_2193/269-427,NZ_AP021898.1_2193,429,217.5,2.9e-65,0.4,159,96.2,3.4e-31,2.1e-28,0.0,workflow/out/metC/hmmer_output/Akkermansia_muciniphila_metC.domtblout
Akkermansia_muciniphila_metC,NZ_AP021898.1_914/32-228,NZ_AP021898.1_914,434,182.2,1.6e-54,0.1,197,110.8,1.3e-35,7.6e-33,0.0,workflow/out/metC/hmmer_output/Akkermansia_muciniphila_metC.domtblout
Akkermansia_muciniphila_metC,NZ_AP021898.1_914/271-432,NZ_AP021898.1_914,434,182.2,1.6e-54,0.1,162,69.6,4.1e-23,2.4e-20,0.0,workflow/out/metC/hmmer_output/Akkermansia_muciniphila_metC.domtblout
Akkermansia_muciniphila_metC,NZ_AP021898.1_1960/104-209,NZ_AP021898.1_1960,392,14.1,0.0019,0.0,106,13.6,4.4e-06,0.0027,0.0,workflow/out/metC/hmmer_output/Akkermansia_muciniphila_metC.domtblout
Akkermansia_muciniphila_metC,NZ_AP021898.1_553/53-158,NZ_AP021898.1_553,395,14.1,0.0019,0.1,106,13.5,4.7e-06,0.0028,0.1,workflow/out/metC/hmmer_output/Akkermansia_muciniphila_metC.domtblout
Alistipes-ihumii-AP11-MAF-2_metC,1_966/11-223,1_966,429,154.5,3.8e-46,0.0,213,85.1,4e-28,4.5e-25,0.0,workflow/out/metC/hmmer_output/Alistipes-ihumii-AP11-MAF-2_metC.domtblout
Alistipes-ihumii-AP11-MAF-2_metC,1_966/266-423,1_966,429,154.5,3.8e-46,0.0,158,67.5,9.1e-23,1e-19,0.0,workflow/out/metC/hmmer_output/Alistipes-ihumii-AP11-MAF-2_metC.domtblout
Alistipes-ihumii-AP11-MAF-2_metC,1_1041/83-201,1_1041,408,12.8,0.0042,0.0,119,12.1,6.3e-06,0.0071,0.0,workflow/out/metC/hmmer_output/Alistipes-ihumii-AP11-MAF-2_metC.domtblout
Alistipes-indistinctus-YIT-12060-MAF-2_metC,1_1932/25-224,1_1932,428,180.3,5.8e-54,0.2,200,116.0,1.7e-37,1.9e-34,0.0,workflow/out/metC/hmmer_output/Alistipes-indistinctus-YIT-12060-MAF-2_metC.domtblout
Alistipes-indistinctus-YIT-12060-MAF-2_metC,1_1932/267-426,1_1932,428,180.3,5.8e-54,0.2,160,62.7,2.6e-21,3e-18,0.0,workflow/out/metC/hmmer_output/Alistipes-indistinctus-YIT-12060-MAF-2_metC.domtblout
Alistipes-indistinctus-YIT-12060-MAF-2_metC,1_1288/11-224,1_1288,434,157.7,4e-47,0.1,214,101.8,3.3e-33,3.9e-30,0.0,workflow/out/metC/hmmer_output/Alistipes-indistinctus-YIT-12060-MAF-2_metC.domtblout
Alistipes-indistinctus-YIT-12060-MAF-2_metC,1_1288/275-430,1_1288,434,157.7,4e-47,0.1,156,54.0,1.1e-18,1.3e-15,0.0,workflow/out/metC/hmmer_output/Alistipes-indistinctus-YIT-12060-MAF-2_metC.domtblout
Alistipes-onderdonkii-DSM-19147-MAF-2_metC,1_3085/11-224,1_3085,429,141.3,5.2e-42,0.0,214,80.1,1.3e-26,2.1e-23,0.0,workflow/out/metC/hmmer_output/Alistipes-onderdonkii-DSM-19147-MAF-2_metC.domtblout
Alistipes-onderdonkii-DSM-19147-MAF-2_metC,1_3085/267-426,1_3085,429,141.3,5.2e-42,0.0,160,59.4,2.7e-20,4.2e-17,0.0,workflow/out/metC/hmmer_output/Alistipes-onderdonkii-DSM-19147-MAF-2_metC.domtblout
Alistipes-onderdonkii-DSM-19147-MAF-2_metC,1_215/107-201,1_215,407,13.7,0.0033,0.0,95,13.1,3.1e-06,0.0048,0.0,workflow/out/metC/hmmer_output/Alistipes-onderdonkii-DSM-19147-MAF-2_metC.domtblout
Alistipes-putredinis-DSM-17216-MAF-2_metC,1_239/11-223,1_239,428,171.5,2.8e-51,0.4,213,104.7,4.6e-34,5.5e-31,0.2,workflow/out/metC/hmmer_output/Alistipes-putredinis-DSM-17216-MAF-2_metC.domtblout
Alistipes-putredinis-DSM-17216-MAF-2_metC,1_239/267-426,1_239,428,171.5,2.8e-51,0.4,160,65.2,4.6e-22,5.5e-19,0.0,workflow/out/metC/hmmer_output/Alistipes-putredinis-DSM-17216-MAF-2_metC.domtblout
Alistipes-putredinis-DSM-17216-MAF-2_metC,1_1656/107-202,1_1656,406,13.1,0.0036,0.0,96,12.6,4.3e-06,0.0051,0.0,workflow/out/metC/hmmer_output/Alistipes-putredinis-DSM-17216-MAF-2_metC.domtblout
Alistipes-senegalensis-JC50-MAF-2_metC,1_1924/14-224,1_1924,431,219.8,7.4e-66,0.4,211,113.1,1.9e-36,2e-33,0.3,workflow/out/metC/hmmer_output/Alistipes-senegalensis-JC50-MAF-2_metC.domtblout
Alistipes-senegalensis-JC50-MAF-2_metC,1_1924/272-427,1_1924,431,219.8,7.4e-66,0.4,156,105.2,4.6e-34,4.8e-31,0.0,workflow/out/metC/hmmer_output/Alistipes-senegalensis-JC50-MAF-2_metC.domtblout
Alistipes-senegalensis-JC50-MAF-2_metC,1_3108/11-222,1_3108,429,148.6,3.2e-44,0.0,212,87.5,1.1e-28,1.2e-25,0.0,workflow/out/metC/hmmer_output/Alistipes-senegalensis-JC50-MAF-2_metC.domtblout
Alistipes-senegalensis-JC50-MAF-2_metC,1_3108/267-426,1_3108,429,148.6,3.2e-44,0.0,160,59.3,4.3e-20,4.6e-17,0.0,workflow/out/metC/hmmer_output/Alistipes-senegalensis-JC50-MAF-2_metC.domtblout
Alistipes-senegalensis-JC50-MAF-2_metC,1_135/69-200,1_135,407,16.2,0.00054,0.0,132,15.4,9.1e-07,0.00095,0.0,workflow/out/metC/hmmer_output/Alistipes-senegalensis-JC50-MAF-2_metC.domtblout
Alistipes-shahii-WAL-8301-MAF-2_metC,1_3128/11-224,1_3128,429,151.6,3.9e-45,0.0,214,86.8,1.2e-28,2e-25,0.0,workflow/out/metC/hmmer_output/Alistipes-shahii-WAL-8301-MAF-2_metC.domtblout
Alistipes-shahii-WAL-8301-MAF-2_metC,1_3128/267-426,1_3128,429,151.6,3.9e-45,0.0,160,63.0,2.1e-21,3.4e-18,0.0,workflow/out/metC/hmmer_output/Alistipes-shahii-WAL-8301-MAF-2_metC.domtblout
Alistipes-shahii-WAL-8301-MAF-2_metC,1_178/69-201,1_178,407,22.1,8.8e-06,0.0,133,21.2,1.1e-08,1.7e-05,0.0,workflow/out/metC/hmmer_output/Alistipes-shahii-WAL-8301-MAF-2_metC.domtblout
Anaerobutyricum_hallii_metC,NZ_QSID01000021.1_46/18-227,NZ_QSID01000021.1_46,437,209.1,1.3e-62,0.2,210,129.8,2.7e-41,1.6e-38,0.4,workflow/out/metC/hmmer_output/Anaerobutyricum_hallii_metC.domtblout
Anaerobutyricum_hallii_metC,NZ_QSID01000021.1_46/277-433,NZ_QSID01000021.1_46,437,209.1,1.3e-62,0.2,157,77.4,2.2e-25,1.3e-22,0.0,workflow/out/metC/hmmer_output/Anaerobutyricum_hallii_metC.domtblout
Anaerobutyricum_hallii_metC,NZ_QSID01000021.1_57/26-231,NZ_QSID01000021.1_57,428,182.3,1.8e-54,0.0,206,115.7,5e-37,3e-34,0.0,workflow/out/metC/hmmer_output/Anaerobutyricum_hallii_metC.domtblout
Anaerobutyricum_hallii_metC,NZ_QSID01000021.1_57/268-426,NZ_QSID01000021.1_57,428,182.3,1.8e-54,0.0,159,64.7,1.6e-21,9.7e-19,0.0,workflow/out/metC/hmmer_output/Anaerobutyricum_hallii_metC.domtblout
Anaerobutyricum_hallii_metC,NZ_QSID01000003.1_71/15-218,NZ_QSID01000003.1_71,409,146.3,1.6e-43,0.0,204,90.7,1.9e-29,1.2e-26,0.0,workflow/out/metC/hmmer_output/Anaerobutyricum_hallii_metC.domtblout
Anaerobutyricum_hallii_metC,NZ_QSID01000003.1_71/245-407,NZ_QSID01000003.1_71,409,146.3,1.6e-43,0.0,163,53.8,3.3e-18,2e-15,0.0,workflow/out/metC/hmmer_output/Anaerobutyricum_hallii_metC.domtblout
Anaerobutyricum_hallii_metC,NZ_QSID01000001.1_48/127-184,NZ_QSID01000001.1_48,378,18.7,9e-05,0.0,58,18.2,2.2e-07,0.00013,0.0,workflow/out/metC/hmmer_output/Anaerobutyricum_hallii_metC.domtblout
Anaerobutyricum_hallii_metC,NZ_QSID01000002.1_18/92-205,NZ_QSID01000002.1_18,392,16.1,0.00058,0.0,114,14.8,2.3e-06,0.0014,0.0,workflow/out/metC/hmmer_output/Anaerobutyricum_hallii_metC.domtblout
Anaerostipes-caccae-DSM-14662-MAF-2_metC,1_2138/8-236,1_2138,428,189.5,1.3e-56,0.1,229,122.1,4.8e-39,4.1e-36,0.0,workflow/out/metC/hmmer_output/Anaerostipes-caccae-DSM-14662-MAF-2_metC.domtblout
Anaerostipes-caccae-DSM-14662-MAF-2_metC,1_2138/266-424,1_2138,428,189.5,1.3e-56,0.1,159,65.8,6e-22,5.1e-19,0.0,workflow/out/metC/hmmer_output/Anaerostipes-caccae-DSM-14662-MAF-2_metC.domtblout
Anaerostipes-caccae-DSM-14662-MAF-2_metC,1_579/19-230,1_579,438,186.9,8.4e-56,0.8,212,112.2,4.7e-36,4e-33,0.5,workflow/out/metC/hmmer_output/Anaerostipes-caccae-DSM-14662-MAF-2_metC.domtblout
Anaerostipes-caccae-DSM-14662-MAF-2_metC,1_579/268-434,1_579,438,186.9,8.4e-56,0.8,167,73.3,3.2e-24,2.7e-21,0.0,workflow/out/metC/hmmer_output/Anaerostipes-caccae-DSM-14662-MAF-2_metC.domtblout
Anaerostipes-caccae-DSM-14662-MAF-2_metC,1_1095/123-183,1_1095,378,23.4,3.8e-06,0.0,61,23.1,5.5e-09,4.7e-06,0.0,workflow/out/metC/hmmer_output/Anaerostipes-caccae-DSM-14662-MAF-2_metC.domtblout
Anaerostipes-caccae-DSM-14662-MAF-2_metC,1_405/90-200,1_405,385,12.9,0.0061,0.0,111,12.5,9.5e-06,0.0082,0.0,workflow/out/metC/hmmer_output/Anaerostipes-caccae-DSM-14662-MAF-2_metC.domtblout
Anaerotruncus-colihominis-DSM-17241-MAF-2_metC,1_2349/11-222,1_2349,428,235.6,1.4e-70,0.2,212,124.3,1.5e-39,9e-37,0.2,workflow/out/metC/hmmer_output/Anaerotruncus-colihominis-DSM-17241-MAF-2_metC.domtblout
Anaerotruncus-colihominis-DSM-17241-MAF-2_metC,1_2349/270-426,1_2349,428,235.6,1.4e-70,0.2,157,109.5,4.6e-35,2.7e-32,0.0,workflow/out/metC/hmmer_output/Anaerotruncus-colihominis-DSM-17241-MAF-2_metC.domtblout
Anaerotruncus-colihominis-DSM-17241-MAF-2_metC,1_230/55-385,1_230,389,177.2,7.5e-53,0.0,331,176.9,1.6e-55,9.1e-53,0.0,workflow/out/metC/hmmer_output/Anaerotruncus-colihominis-DSM-17241-MAF-2_metC.domtblout
Anaerotruncus-colihominis-DSM-17241-MAF-2_metC,1_3113/13-226,1_3113,432,165.1,3.4e-49,0.7,214,107.9,1.4e-34,8.3e-32,0.3,workflow/out/metC/hmmer_output/Anaerotruncus-colihominis-DSM-17241-MAF-2_metC.domtblout
Anaerotruncus-colihominis-DSM-17241-MAF-2_metC,1_3113/266-429,1_3113,432,165.1,3.4e-49,0.7,164,55.8,9.8e-19,5.8e-16,0.0,workflow/out/metC/hmmer_output/Anaerotruncus-colihominis-DSM-17241-MAF-2_metC.domtblout
Anaerotruncus-colihominis-DSM-17241-MAF-2_metC,1_966/99-208,1_966,390,20.9,2.3e-05,0.0,110,20.3,5.8e-08,3.4e-05,0.0,workflow/out/metC/hmmer_output/Anaerotruncus-colihominis-DSM-17241-MAF-2_metC.domtblout
Anaerotruncus-colihominis-DSM-17241-MAF-2_metC,1_1571/72-202,1_1571,382,18.6,0.00011,0.0,131,17.8,3.5e-07,0.0002,0.0,workflow/out/metC/hmmer_output/Anaerotruncus-colihominis-DSM-17241-MAF-2_metC.domtblout
Anaerotruncus-colihominis-DSM-17241-MAF-2_metC,1_3274/60-123,1_3274,423,17.1,0.00033,0.1,64,15.8,1.3e-06,0.00079,0.1,workflow/out/metC/hmmer_output/Anaerotruncus-colihominis-DSM-17241-MAF-2_metC.domtblout
Bacteroides-caccae-ATCC-43185-MAF-2_metC,1_1286/11-224,1_1286,429,221.4,2.9e-66,0.6,214,113.6,9e-37,1.6e-33,0.4,workflow/out/metC/hmmer_output/Bacteroides-caccae-ATCC-43185-MAF-2_metC.domtblout
Bacteroides-caccae-ATCC-43185-MAF-2_metC,1_1286/271-427,1_1286,429,221.4,2.9e-66,0.6,157,106.4,1.4e-34,2.6e-31,0.0,workflow/out/metC/hmmer_output/Bacteroides-caccae-ATCC-43185-MAF-2_metC.domtblout
Bacteroides-caccae-ATCC-43185-MAF-2_metC,1_3472/24-232,1_3472,427,183.6,8.9e-55,0.0,209,117.6,5.4e-38,9.9e-35,0.0,workflow/out/metC/hmmer_output/Bacteroides-caccae-ATCC-43185-MAF-2_metC.domtblout
Bacteroides-caccae-ATCC-43185-MAF-2_metC,1_3472/268-425,1_3472,427,183.6,8.9e-55,0.0,158,64.0,1e-21,1.9e-18,0.0,workflow/out/metC/hmmer_output/Bacteroides-caccae-ATCC-43185-MAF-2_metC.domtblout
Bacteroides-cellulosilyticus-DSM-14838-MAF-2_metC,1_4590/13-223,1_4590,429,207.6,6.3e-62,0.8,211,114.0,1e-36,1.7e-33,0.4,workflow/out/metC/hmmer_output/Bacteroides-cellulosilyticus-DSM-14838-MAF-2_metC.domtblout
Bacteroides-cellulosilyticus-DSM-14838-MAF-2_metC,1_4590/271-427,1_4590,429,207.6,6.3e-62,0.8,157,92.3,4e-30,6.8e-27,0.0,workflow/out/metC/hmmer_output/Bacteroides-cellulosilyticus-DSM-14838-MAF-2_metC.domtblout
Bacteroides-cellulosilyticus-DSM-14838-MAF-2_metC,1_4814/27-234,1_4814,427,181.8,4.4e-54,0.0,208,114.6,6.4e-37,1.1e-33,0.0,workflow/out/metC/hmmer_output/Bacteroides-cellulosilyticus-DSM-14838-MAF-2_metC.domtblout
Bacteroides-cellulosilyticus-DSM-14838-MAF-2_metC,1_4814/267-425,1_4814,427,181.8,4.4e-54,0.0,159,65.4,5.8e-22,9.7e-19,0.0,workflow/out/metC/hmmer_output/Bacteroides-cellulosilyticus-DSM-14838-MAF-2_metC.domtblout
Bacteroides-coprophilus-DSM-18228-MAF-2_metC,1_1965/13-221,1_1965,429,219.7,9.3e-66,0.3,209,115.0,5.2e-37,6.1e-34,0.1,workflow/out/metC/hmmer_output/Bacteroides-coprophilus-DSM-18228-MAF-2_metC.domtblout
Bacteroides-coprophilus-DSM-18228-MAF-2_metC,1_1965/271-428,1_1965,429,219.7,9.3e-66,0.3,158,103.1,2e-33,2.4e-30,0.0,workflow/out/metC/hmmer_output/Bacteroides-coprophilus-DSM-18228-MAF-2_metC.domtblout
Bacteroides-coprophilus-DSM-18228-MAF-2_metC,1_1205/25-236,1_1205,428,184.4,5e-55,0.0,212,111.7,5e-36,5.9e-33,0.0,workflow/out/metC/hmmer_output/Bacteroides-coprophilus-DSM-18228-MAF-2_metC.domtblout
Bacteroides-coprophilus-DSM-18228-MAF-2_metC,1_1205/267-426,1_1205,428,184.4,5e-55,0.0,160,70.9,1.3e-23,1.5e-20,0.0,workflow/out/metC/hmmer_output/Bacteroides-coprophilus-DSM-18228-MAF-2_metC.domtblout
Bacteroides-coprophilus-DSM-18228-MAF-2_metC,1_270/87-205,1_270,398,18.8,9.8e-05,0.1,119,18.4,1.2e-07,0.00014,0.1,workflow/out/metC/hmmer_output/Bacteroides-coprophilus-DSM-18228-MAF-2_metC.domtblout
Bacteroides-dorei-5-1-36-D4-MAF-2_metC,1_2962/13-224,1_2962,429,223.3,9.2e-67,0.8,212,118.4,4.8e-38,7.2e-35,0.8,workflow/out/metC/hmmer_output/Bacteroides-dorei-5-1-36-D4-MAF-2_metC.domtblout
Bacteroides-dorei-5-1-36-D4-MAF-2_metC,1_2962/272-426,1_2962,429,223.3,9.2e-67,0.8,155,103.3,1.7e-33,2.6e-30,0.0,workflow/out/metC/hmmer_output/Bacteroides-dorei-5-1-36-D4-MAF-2_metC.domtblout
Bacteroides-dorei-5-1-36-D4-MAF-2_metC,1_1616/24-236,1_1616,426,179.8,1.5e-53,0.0,213,112.9,2.2e-36,3.3e-33,0.0,workflow/out/metC/hmmer_output/Bacteroides-dorei-5-1-36-D4-MAF-2_metC.domtblout
Bacteroides-dorei-5-1-36-D4-MAF-2_metC,1_1616/267-424,1_1616,426,179.8,1.5e-53,0.0,158,65.3,6.3e-22,9.5e-19,0.0,workflow/out/metC/hmmer_output/Bacteroides-dorei-5-1-36-D4-MAF-2_metC.domtblout
Bacteroides-dorei-DSM-17855-MAF-2_metC,1_2980/13-224,1_2980,429,223.3,9.4e-67,0.8,212,118.4,4.8e-38,7.4e-35,0.8,workflow/out/metC/hmmer_output/Bacteroides-dorei-DSM-17855-MAF-2_metC.domtblout
Bacteroides-dorei-DSM-17855-MAF-2_metC,1_2980/272-426,1_2980,429,223.3,9.4e-67,0.8,155,103.3,1.7e-33,2.7e-30,0.0,workflow/out/metC/hmmer_output/Bacteroides-dorei-DSM-17855-MAF-2_metC.domtblout
Bacteroides-dorei-DSM-17855-MAF-2_metC,1_767/24-236,1_767,426,181.3,5.7e-54,0.0,213,112.9,2.2e-36,3.4e-33,0.0,workflow/out/metC/hmmer_output/Bacteroides-dorei-DSM-17855-MAF-2_metC.domtblout
Bacteroides-dorei-DSM-17855-MAF-2_metC,1_767/267-424,1_767,426,181.3,5.7e-54,0.0,158,66.7,2.3e-22,3.5e-19,0.0,workflow/out/metC/hmmer_output/Bacteroides-dorei-DSM-17855-MAF-2_metC.domtblout
Bacteroides-eggerthii-DSM-20697-MAF-2_metC,1_2915/13-224,1_2915,429,211.5,2.8e-63,0.3,212,114.1,6.1e-37,1.1e-33,0.3,workflow/out/metC/hmmer_output/Bacteroides-eggerthii-DSM-20697-MAF-2_metC.domtblout
Bacteroides-eggerthii-DSM-20697-MAF-2_metC,1_2915/271-428,1_2915,429,211.5,2.8e-63,0.3,158,96.0,1.9e-31,3.4e-28,0.0,workflow/out/metC/hmmer_output/Bacteroides-eggerthii-DSM-20697-MAF-2_metC.domtblout
Bacteroides-eggerthii-DSM-20697-MAF-2_metC,1_3298/24-235,1_3298,427,183.7,7.5e-55,0.0,212,117.6,5.3e-38,9.2e-35,0.0,workflow/out/metC/hmmer_output/Bacteroides-eggerthii-DSM-20697-MAF-2_metC.domtblout
Bacteroides-eggerthii-DSM-20697-MAF-2_metC,1_3298/268-425,1_3298,427,183.7,7.5e-55,0.0,158,64.3,8.3e-22,1.5e-18,0.0,workflow/out/metC/hmmer_output/Bacteroides-eggerthii-DSM-20697-MAF-2_metC.domtblout
Bacteroides-finegoldii-DSM-17565-MAF-2_metC,1_92/12-224,1_92,429,220.3,7.2e-66,0.5,213,115.3,2.7e-37,5.6e-34,0.4,workflow/out/metC/hmmer_output/Bacteroides-finegoldii-DSM-17565-MAF-2_metC.domtblout
Bacteroides-finegoldii-DSM-17565-MAF-2_metC,1_92/272-427,1_92,429,220.3,7.2e-66,0.5,156,103.3,1.2e-33,2.4e-30,0.0,workflow/out/metC/hmmer_output/Bacteroides-finegoldii-DSM-17565-MAF-2_metC.domtblout
Bacteroides-finegoldii-DSM-17565-MAF-2_metC,1_3908/24-234,1_3908,427,186.3,1.5e-55,0.0,211,119.8,1.2e-38,2.5e-35,0.0,workflow/out/metC/hmmer_output/Bacteroides-finegoldii-DSM-17565-MAF-2_metC.domtblout
Bacteroides-finegoldii-DSM-17565-MAF-2_metC,1_3908/267-425,1_3908,427,186.3,1.5e-55,0.0,159,64.9,5.6e-22,1.2e-18,0.0,workflow/out/metC/hmmer_output/Bacteroides-finegoldii-DSM-17565-MAF-2_metC.domtblout
Bacteroides-fragilis-2-1-16-MAF-2_metC,1_1811/27-224,1_1811,429,216.6,9.9e-65,0.3,198,113.9,1.8e-36,1.6e-33,0.2,workflow/out/metC/hmmer_output/Bacteroides-fragilis-2-1-16-MAF-2_metC.domtblout
Bacteroides-fragilis-2-1-16-MAF-2_metC,1_1811/272-428,1_1811,429,216.6,9.9e-65,0.3,157,101.0,1.5e-32,1.3e-29,0.0,workflow/out/metC/hmmer_output/Bacteroides-fragilis-2-1-16-MAF-2_metC.domtblout
Bacteroides-fragilis-2-1-16-MAF-2_metC,1_3973/27-234,1_3973,427,187.0,9.8e-56,0.0,208,118.2,8.7e-38,7.7e-35,0.0,workflow/out/metC/hmmer_output/Bacteroides-fragilis-2-1-16-MAF-2_metC.domtblout
Bacteroides-fragilis-2-1-16-MAF-2_metC,1_3973/267-425,1_3973,427,187.0,9.8e-56,0.0,159,67.0,3.1e-22,2.8e-19,0.0,workflow/out/metC/hmmer_output/Bacteroides-fragilis-2-1-16-MAF-2_metC.domtblout
Bacteroides-fragilis-2-1-16-MAF-2_metC,1_1518/8-409,1_1518,412,135.4,4.5e-40,0.2,402,130.5,1.7e-41,1.5e-38,0.2,workflow/out/metC/hmmer_output/Bacteroides-fragilis-2-1-16-MAF-2_metC.domtblout
Bacteroides-fragilis-2-1-16-MAF-2_metC,1_2348/116-245,1_2348,424,22.5,9.7e-06,0.0,130,21.8,1.8e-08,1.6e-05,0.0,workflow/out/metC/hmmer_output/Bacteroides-fragilis-2-1-16-MAF-2_metC.domtblout
Bacteroides-fragilis-2-1-16-MAF-2_metC,1_73/33-157,1_73,380,20.4,4.1e-05,0.3,125,19.8,6.9e-08,6.1e-05,0.3,workflow/out/metC/hmmer_output/Bacteroides-fragilis-2-1-16-MAF-2_metC.domtblout
Bacteroides-fragilis-3-1-12-MAF-2_metC,1_2041/27-224,1_2041,429,212.4,2e-63,0.3,198,112.9,2.1e-36,3.3e-33,0.3,workflow/out/metC/hmmer_output/Bacteroides-fragilis-3-1-12-MAF-2_metC.domtblout
Bacteroides-fragilis-3-1-12-MAF-2_metC,1_2041/272-428,1_2041,429,212.4,2e-63,0.3,157,97.9,7.7e-32,1.2e-28,0.0,workflow/out/metC/hmmer_output/Bacteroides-fragilis-3-1-12-MAF-2_metC.domtblout
Bacteroides-fragilis-3-1-12-MAF-2_metC,1_4388/27-231,1_4388,427,184.7,5.3e-55,0.0,205,115.8,2.8e-37,4.4e-34,0.0,workflow/out/metC/hmmer_output/Bacteroides-fragilis-3-1-12-MAF-2_metC.domtblout
Bacteroides-fragilis-3-1-12-MAF-2_metC,1_4388/267-425,1_4388,427,184.7,5.3e-55,0.0,159,67.1,1.8e-22,2.8e-19,0.0,workflow/out/metC/hmmer_output/Bacteroides-fragilis-3-1-12-MAF-2_metC.domtblout
Bacteroides-fragilis-3-1-12-MAF-2_metC,1_1747/8-409,1_1747,412,138.3,6.5e-41,0.2,402,131.9,3.6e-42,5.7e-39,0.2,workflow/out/metC/hmmer_output/Bacteroides-fragilis-3-1-12-MAF-2_metC.domtblout
Bacteroides-intestinalis-DSM-17393-MAF-2_metC,1_4208/13-224,1_4208,429,212.6,1.7e-63,0.9,212,116.7,1e-37,2.4e-34,0.9,workflow/out/metC/hmmer_output/Bacteroides-intestinalis-DSM-17393-MAF-2_metC.domtblout
Bacteroides-intestinalis-DSM-17393-MAF-2_metC,1_4208/272-427,1_4208,429,212.6,1.7e-63,0.9,156,94.1,7.4e-31,1.7e-27,0.0,workflow/out/metC/hmmer_output/Bacteroides-intestinalis-DSM-17393-MAF-2_metC.domtblout
Bacteroides-intestinalis-DSM-17393-MAF-2_metC,1_4466/27-237,1_4466,427,188.8,3e-56,0.0,211,115.7,2.1e-37,4.9e-34,0.0,workflow/out/metC/hmmer_output/Bacteroides-intestinalis-DSM-17393-MAF-2_metC.domtblout
Bacteroides-intestinalis-DSM-17393-MAF-2_metC,1_4466/267-425,1_4466,427,188.8,3e-56,0.0,159,71.5,5.6e-24,1.3e-20,0.0,workflow/out/metC/hmmer_output/Bacteroides-intestinalis-DSM-17393-MAF-2_metC.domtblout
Bacteroides-ovatus-ATCC-8483-MAF-2_metC,1_157/12-224,1_157,429,220.3,8.6e-66,0.5,213,115.3,4e-37,6.6e-34,0.4,workflow/out/metC/hmmer_output/Bacteroides-ovatus-ATCC-8483-MAF-2_metC.domtblout
Bacteroides-ovatus-ATCC-8483-MAF-2_metC,1_157/272-427,1_157,429,220.3,8.6e-66,0.5,156,103.3,1.7e-33,2.8e-30,0.0,workflow/out/metC/hmmer_output/Bacteroides-ovatus-ATCC-8483-MAF-2_metC.domtblout
Bacteroides-ovatus-ATCC-8483-MAF-2_metC,1_4645/24-235,1_4645,427,183.8,1e-54,0.0,212,117.8,6.9e-38,1.1e-34,0.0,workflow/out/metC/hmmer_output/Bacteroides-ovatus-ATCC-8483-MAF-2_metC.domtblout
Bacteroides-ovatus-ATCC-8483-MAF-2_metC,1_4645/267-425,1_4645,427,183.8,1e-54,0.0,159,64.2,1.3e-21,2.2e-18,0.0,workflow/out/metC/hmmer_output/Bacteroides-ovatus-ATCC-8483-MAF-2_metC.domtblout
Bacteroides-ovatus-ATCC-8483-MAF-2_metC,1_2667/5-390,1_2667,395,128.3,7.7e-38,0.2,386,128.1,5.3e-41,8.7e-38,0.2,workflow/out/metC/hmmer_output/Bacteroides-ovatus-ATCC-8483-MAF-2_metC.domtblout
Bacteroides-pectinophilus-ATCC-43243-MAF-2_metC,1_1968/14-224,1_1968,432,200.4,5.3e-60,1.0,211,120.6,2.3e-38,9.2e-36,1.1,workflow/out/metC/hmmer_output/Bacteroides-pectinophilus-ATCC-43243-MAF-2_metC.domtblout
Bacteroides-pectinophilus-ATCC-43243-MAF-2_metC,1_1968/273-430,1_1968,432,200.4,5.3e-60,1.0,158,77.9,2.2e-25,8.8e-23,0.0,workflow/out/metC/hmmer_output/Bacteroides-pectinophilus-ATCC-43243-MAF-2_metC.domtblout
Bacteroides-pectinophilus-ATCC-43243-MAF-2_metC,1_1089/8-222,1_1089,427,192.0,2e-57,0.0,215,121.3,1.4e-38,5.7e-36,0.0,workflow/out/metC/hmmer_output/Bacteroides-pectinophilus-ATCC-43243-MAF-2_metC.domtblout
Bacteroides-pectinophilus-ATCC-43243-MAF-2_metC,1_1089/266-424,1_1089,427,192.0,2e-57,0.0,159,68.9,1.2e-22,4.8e-20,0.0,workflow/out/metC/hmmer_output/Bacteroides-pectinophilus-ATCC-43243-MAF-2_metC.domtblout
Bacteroides-pectinophilus-ATCC-43243-MAF-2_metC,1_904/19-218,1_904,414,136.7,1.2e-40,0.0,200,85.3,1.2e-27,5e-25,0.0,workflow/out/metC/hmmer_output/Bacteroides-pectinophilus-ATCC-43243-MAF-2_metC.domtblout
Bacteroides-pectinophilus-ATCC-43243-MAF-2_metC,1_904/246-408,1_904,414,136.7,1.2e-40,0.0,163,49.5,9e-17,3.7e-14,0.0,workflow/out/metC/hmmer_output/Bacteroides-pectinophilus-ATCC-43243-MAF-2_metC.domtblout
Bacteroides-pectinophilus-ATCC-43243-MAF-2_metC,1_2569/100-269,1_2569,503,20.5,2.5e-05,1.0,170,19.6,1.1e-07,4.7e-05,1.0,workflow/out/metC/hmmer_output/Bacteroides-pectinophilus-ATCC-43243-MAF-2_metC.domtblout
Bacteroides-pectinophilus-ATCC-43243-MAF-2_metC,1_2479/43-148,1_2479,382,18.7,8.5e-05,0.3,106,18.2,3.1e-07,0.00013,0.3,workflow/out/metC/hmmer_output/Bacteroides-pectinophilus-ATCC-43243-MAF-2_metC.domtblout
Bacteroides-pectinophilus-ATCC-43243-MAF-2_metC,1_921/103-202,1_921,408,13.3,0.0038,0.1,100,12.7,1.4e-05,0.0057,0.1,workflow/out/metC/hmmer_output/Bacteroides-pectinophilus-ATCC-43243-MAF-2_metC.domtblout
Bacteroides-plebeius-DSM-17135-MAF-2_metC,1_212/14-224,1_212,429,214.4,3.7e-64,0.5,211,116.1,1.6e-37,2.9e-34,0.2,workflow/out/metC/hmmer_output/Bacteroides-plebeius-DSM-17135-MAF-2_metC.domtblout
Bacteroides-plebeius-DSM-17135-MAF-2_metC,1_212/272-428,1_212,429,214.4,3.7e-64,0.5,157,97.1,9.3e-32,1.7e-28,0.0,workflow/out/metC/hmmer_output/Bacteroides-plebeius-DSM-17135-MAF-2_metC.domtblout
Bacteroides-plebeius-DSM-17135-MAF-2_metC,1_512/24-236,1_512,428,186.8,9.3e-56,0.0,213,110.7,6.9e-36,1.2e-32,0.0,workflow/out/metC/hmmer_output/Bacteroides-plebeius-DSM-17135-MAF-2_metC.domtblout
Bacteroides-plebeius-DSM-17135-MAF-2_metC,1_512/267-426,1_512,428,186.8,9.3e-56,0.0,160,74.5,7e-25,1.3e-21,0.0,workflow/out/metC/hmmer_output/Bacteroides-plebeius-DSM-17135-MAF-2_metC.domtblout
Bacteroides-rodentium-JCM-16496-MAF-2_metC,1_3864/13-224,1_3864,429,216.1,1.3e-64,0.2,212,120.2,8.5e-39,1.8e-35,0.2,workflow/out/metC/hmmer_output/Bacteroides-rodentium-JCM-16496-MAF-2_metC.domtblout
Bacteroides-rodentium-JCM-16496-MAF-2_metC,1_3864/272-427,1_3864,429,216.1,1.3e-64,0.2,156,94.3,6.5e-31,1.4e-27,0.0,workflow/out/metC/hmmer_output/Bacteroides-rodentium-JCM-16496-MAF-2_metC.domtblout
Bacteroides-rodentium-JCM-16496-MAF-2_metC,1_2090/24-234,1_2090,427,188.3,3.8e-56,0.0,211,121.0,5e-39,1e-35,0.0,workflow/out/metC/hmmer_output/Bacteroides-rodentium-JCM-16496-MAF-2_metC.domtblout
Bacteroides-rodentium-JCM-16496-MAF-2_metC,1_2090/267-425,1_2090,427,188.3,3.8e-56,0.0,159,65.5,3.7e-22,7.7e-19,0.0,workflow/out/metC/hmmer_output/Bacteroides-rodentium-JCM-16496-MAF-2_metC.domtblout
Bacteroides-sp-3-1-19-MAF-2_metC,1_2946/13-224,1_2946,430,201.6,3.6e-60,0.9,212,102.1,4.2e-33,6.3e-30,1.2,workflow/out/metC/hmmer_output/Bacteroides-sp-3-1-19-MAF-2_metC.domtblout
Bacteroides-sp-3-1-19-MAF-2_metC,1_2946/257-429,1_2946,430,201.6,3.6e-60,0.9,173,97.6,9.7e-32,1.4e-28,0.0,workflow/out/metC/hmmer_output/Bacteroides-sp-3-1-19-MAF-2_metC.domtblout
Bacteroides-sp-3-1-19-MAF-2_metC,1_4209/12-231,1_4209,427,192.3,2.4e-57,0.0,220,106.2,2.4e-34,3.5e-31,0.0,workflow/out/metC/hmmer_output/Bacteroides-sp-3-1-19-MAF-2_metC.domtblout
Bacteroides-sp-3-1-19-MAF-2_metC,1_4209/268-425,1_4209,427,192.3,2.4e-57,0.0,158,84.4,9.9e-28,1.5e-24,0.0,workflow/out/metC/hmmer_output/Bacteroides-sp-3-1-19-MAF-2_metC.domtblout
Bacteroides-sp-9-1-42FAA-MAF-2_metC,1_3086/13-224,1_3086,429,223.3,9.5e-67,0.8,212,118.4,4.8e-38,7.5e-35,0.8,workflow/out/metC/hmmer_output/Bacteroides-sp-9-1-42FAA-MAF-2_metC.domtblout
Bacteroides-sp-9-1-42FAA-MAF-2_metC,1_3086/272-426,1_3086,429,223.3,9.5e-67,0.8,155,103.3,1.7e-33,2.7e-30,0.0,workflow/out/metC/hmmer_output/Bacteroides-sp-9-1-42FAA-MAF-2_metC.domtblout
Bacteroides-sp-9-1-42FAA-MAF-2_metC,1_902/24-236,1_902,426,179.8,1.6e-53,0.0,213,112.9,2.2e-36,3.4e-33,0.0,workflow/out/metC/hmmer_output/Bacteroides-sp-9-1-42FAA-MAF-2_metC.domtblout
Bacteroides-sp-9-1-42FAA-MAF-2_metC,1_902/267-424,1_902,426,179.8,1.6e-53,0.0,158,65.3,6.3e-22,9.8e-19,0.0,workflow/out/metC/hmmer_output/Bacteroides-sp-9-1-42FAA-MAF-2_metC.domtblout
Bacteroides-sp-D2-MAF-2_metC,1_199/12-224,1_199,429,220.3,9.2e-66,0.5,213,115.3,4e-37,7.1e-34,0.4,workflow/out/metC/hmmer_output/Bacteroides-sp-D2-MAF-2_metC.domtblout
Bacteroides-sp-D2-MAF-2_metC,1_199/272-427,1_199,429,220.3,9.2e-66,0.5,156,103.3,1.7e-33,3.1e-30,0.0,workflow/out/metC/hmmer_output/Bacteroides-sp-D2-MAF-2_metC.domtblout
Bacteroides-sp-D2-MAF-2_metC,1_5047/24-235,1_5047,427,184.5,6.9e-55,0.0,212,118.5,4.4e-38,7.7e-35,0.0,workflow/out/metC/hmmer_output/Bacteroides-sp-D2-MAF-2_metC.domtblout
Bacteroides-sp-D2-MAF-2_metC,1_5047/267-425,1_5047,427,184.5,6.9e-55,0.0,159,64.2,1.3e-21,2.4e-18,0.0,workflow/out/metC/hmmer_output/Bacteroides-sp-D2-MAF-2_metC.domtblout
Bacteroides-sp-D2-MAF-2_metC,1_2671/5-390,1_2671,395,130.5,1.7e-38,0.1,386,130.3,1.1e-41,1.9e-38,0.1,workflow/out/metC/hmmer_output/Bacteroides-sp-D2-MAF-2_metC.domtblout
Bacteroides-stercoris-ATCC-43183-MAF-2_metC,1_1527/13-223,1_1527,429,214.7,2.8e-64,0.4,211,117.1,7.8e-38,1.3e-34,0.4,workflow/out/metC/hmmer_output/Bacteroides-stercoris-ATCC-43183-MAF-2_metC.domtblout
Bacteroides-stercoris-ATCC-43183-MAF-2_metC,1_1527/271-428,1_1527,429,214.7,2.8e-64,0.4,158,96.0,2e-31,3.4e-28,0.0,workflow/out/metC/hmmer_output/Bacteroides-stercoris-ATCC-43183-MAF-2_metC.domtblout
Bacteroides-stercoris-ATCC-43183-MAF-2_metC,1_3253/24-235,1_3253,427,184.9,3.3e-55,0.0,212,118.5,2.9e-38,4.9e-35,0.0,workflow/out/metC/hmmer_output/Bacteroides-stercoris-ATCC-43183-MAF-2_metC.domtblout
Bacteroides-stercoris-ATCC-43183-MAF-2_metC,1_3253/268-425,1_3253,427,184.9,3.3e-55,0.0,158,64.6,6.6e-22,1.1e-18,0.0,workflow/out/metC/hmmer_output/Bacteroides-stercoris-ATCC-43183-MAF-2_metC.domtblout
Bacteroides-thetaiotaomicron-1-1-6-MAF-2_metC,1_174/12-224,1_174,429,215.1,3.7e-64,0.4,213,110.7,1e-35,1.9e-32,0.4,workflow/out/metC/hmmer_output/Bacteroides-thetaiotaomicron-1-1-6-MAF-2_metC.domtblout
Bacteroides-thetaiotaomicron-1-1-6-MAF-2_metC,1_174/270-427,1_174,429,215.1,3.7e-64,0.4,158,102.8,2.5e-33,4.6e-30,0.0,workflow/out/metC/hmmer_output/Bacteroides-thetaiotaomicron-1-1-6-MAF-2_metC.domtblout
Bacteroides-thetaiotaomicron-1-1-6-MAF-2_metC,1_4855/24-232,1_4855,427,184.6,6.5e-55,0.0,209,117.9,6.6e-38,1.2e-34,0.0,workflow/out/metC/hmmer_output/Bacteroides-thetaiotaomicron-1-1-6-MAF-2_metC.domtblout
Bacteroides-thetaiotaomicron-1-1-6-MAF-2_metC,1_4855/268-425,1_4855,427,184.6,6.5e-55,0.0,158,64.8,8.9e-22,1.7e-18,0.0,workflow/out/metC/hmmer_output/Bacteroides-thetaiotaomicron-1-1-6-MAF-2_metC.domtblout
Bacteroides-thetaiotaomicron-1-1-6-MAF-2_metC,1_1133/91-208,1_1133,387,17.1,0.0005,0.4,118,16.6,4e-07,0.00075,0.4,workflow/out/metC/hmmer_output/Bacteroides-thetaiotaomicron-1-1-6-MAF-2_metC.domtblout
Bacteroides-thetaiotaomicron-VPI-5482-MAF-2_metC,1_250/12-224,1_250,429,216.6,1.1e-64,0.4,213,112.3,3.4e-36,5.6e-33,0.4,workflow/out/metC/hmmer_output/Bacteroides-thetaiotaomicron-VPI-5482-MAF-2_metC.domtblout
Bacteroides-thetaiotaomicron-VPI-5482-MAF-2_metC,1_250/271-427,1_250,429,216.6,1.1e-64,0.4,157,102.7,2.7e-33,4.4e-30,0.0,workflow/out/metC/hmmer_output/Bacteroides-thetaiotaomicron-VPI-5482-MAF-2_metC.domtblout
Bacteroides-thetaiotaomicron-VPI-5482-MAF-2_metC,1_4681/24-232,1_4681,427,184.6,5.8e-55,0.0,209,117.9,6.6e-38,1.1e-34,0.0,workflow/out/metC/hmmer_output/Bacteroides-thetaiotaomicron-VPI-5482-MAF-2_metC.domtblout
Bacteroides-thetaiotaomicron-VPI-5482-MAF-2_metC,1_4681/268-425,1_4681,427,184.6,5.8e-55,0.0,158,64.8,8.9e-22,1.5e-18,0.0,workflow/out/metC/hmmer_output/Bacteroides-thetaiotaomicron-VPI-5482-MAF-2_metC.domtblout
Bacteroides-thetaiotaomicron-VPI-5482-MAF-2_metC,1_1265/91-208,1_1265,387,17.4,0.00036,0.4,118,16.9,3.3e-07,0.00054,0.4,workflow/out/metC/hmmer_output/Bacteroides-thetaiotaomicron-VPI-5482-MAF-2_metC.domtblout
Bacteroides-uniformis-ATCC-8492-MAF-2_metC,1_2073/13-224,1_2073,429,211.6,2.7e-63,0.3,212,117.4,6.3e-38,1.2e-34,0.2,workflow/out/metC/hmmer_output/Bacteroides-uniformis-ATCC-8492-MAF-2_metC.domtblout
Bacteroides-uniformis-ATCC-8492-MAF-2_metC,1_2073/272-428,1_2073,429,211.6,2.7e-63,0.3,157,92.7,1.9e-30,3.7e-27,0.0,workflow/out/metC/hmmer_output/Bacteroides-uniformis-ATCC-8492-MAF-2_metC.domtblout
Bacteroides-uniformis-ATCC-8492-MAF-2_metC,1_3656/24-234,1_3656,427,188.3,3.4e-56,0.0,211,121.0,5e-39,9.5e-36,0.0,workflow/out/metC/hmmer_output/Bacteroides-uniformis-ATCC-8492-MAF-2_metC.domtblout
Bacteroides-uniformis-ATCC-8492-MAF-2_metC,1_3656/267-425,1_3656,427,188.3,3.4e-56,0.0,159,65.5,3.7e-22,7e-19,0.0,workflow/out/metC/hmmer_output/Bacteroides-uniformis-ATCC-8492-MAF-2_metC.domtblout
Bacteroides-xylanisolvens-SD-CC-1b-MAF-2_metC,1_142/12-224,1_142,429,220.3,8.4e-66,0.5,213,115.3,2.7e-37,6.5e-34,0.4,workflow/out/metC/hmmer_output/Bacteroides-xylanisolvens-SD-CC-1b-MAF-2_metC.domtblout
Bacteroides-xylanisolvens-SD-CC-1b-MAF-2_metC,1_142/272-427,1_142,429,220.3,8.4e-66,0.5,156,103.3,1.2e-33,2.8e-30,0.0,workflow/out/metC/hmmer_output/Bacteroides-xylanisolvens-SD-CC-1b-MAF-2_metC.domtblout
Bacteroides-xylanisolvens-SD-CC-1b-MAF-2_metC,1_4563/24-235,1_4563,427,184.5,6.3e-55,0.0,212,118.5,2.9e-38,7e-35,0.0,workflow/out/metC/hmmer_output/Bacteroides-xylanisolvens-SD-CC-1b-MAF-2_metC.domtblout
Bacteroides-xylanisolvens-SD-CC-1b-MAF-2_metC,1_4563/267-425,1_4563,427,184.5,6.3e-55,0.0,159,64.2,8.9e-22,2.1e-18,0.0,workflow/out/metC/hmmer_output/Bacteroides-xylanisolvens-SD-CC-1b-MAF-2_metC.domtblout
Bacteroides_fragilis_metC,NZ_CP069563.1_1639/27-224,NZ_CP069563.1_1639,429,216.6,9.9e-65,0.3,198,113.9,1.8e-36,1.6e-33,0.2,workflow/out/metC/hmmer_output/Bacteroides_fragilis_metC.domtblout
Bacteroides_fragilis_metC,NZ_CP069563.1_1639/272-428,NZ_CP069563.1_1639,429,216.6,9.9e-65,0.3,157,101.0,1.5e-32,1.3e-29,0.0,workflow/out/metC/hmmer_output/Bacteroides_fragilis_metC.domtblout
Bacteroides_fragilis_metC,NZ_CP069563.1_3760/27-234,NZ_CP069563.1_3760,427,187.0,9.8e-56,0.0,208,118.2,8.7e-38,7.6e-35,0.0,workflow/out/metC/hmmer_output/Bacteroides_fragilis_metC.domtblout
Bacteroides_fragilis_metC,NZ_CP069563.1_3760/267-425,NZ_CP069563.1_3760,427,187.0,9.8e-56,0.0,159,67.0,3.1e-22,2.8e-19,0.0,workflow/out/metC/hmmer_output/Bacteroides_fragilis_metC.domtblout
Bacteroides_fragilis_metC,NZ_CP069563.1_1932/8-409,NZ_CP069563.1_1932,412,135.4,4.5e-40,0.2,402,130.5,1.7e-41,1.5e-38,0.2,workflow/out/metC/hmmer_output/Bacteroides_fragilis_metC.domtblout
Bacteroides_fragilis_metC,NZ_CP069563.1_1099/116-245,NZ_CP069563.1_1099,424,22.5,9.7e-06,0.0,130,21.8,1.8e-08,1.6e-05,0.0,workflow/out/metC/hmmer_output/Bacteroides_fragilis_metC.domtblout
Bacteroides_fragilis_metC,NZ_CP069563.1_3378/33-157,NZ_CP069563.1_3378,380,20.4,4.1e-05,0.3,125,19.8,6.9e-08,6.1e-05,0.3,workflow/out/metC/hmmer_output/Bacteroides_fragilis_metC.domtblout
Bacteroides_ovatus_metC,NZ_CP012938.1_2333/12-224,NZ_CP012938.1_2333,429,220.3,8.6e-66,0.5,213,115.3,4e-37,6.6e-34,0.4,workflow/out/metC/hmmer_output/Bacteroides_ovatus_metC.domtblout
Bacteroides_ovatus_metC,NZ_CP012938.1_2333/272-427,NZ_CP012938.1_2333,429,220.3,8.6e-66,0.5,156,103.3,1.7e-33,2.8e-30,0.0,workflow/out/metC/hmmer_output/Bacteroides_ovatus_metC.domtblout
Bacteroides_ovatus_metC,NZ_CP012938.1_1906/24-235,NZ_CP012938.1_1906,427,183.8,1e-54,0.0,212,117.8,6.9e-38,1.1e-34,0.0,workflow/out/metC/hmmer_output/Bacteroides_ovatus_metC.domtblout
Bacteroides_ovatus_metC,NZ_CP012938.1_1906/267-425,NZ_CP012938.1_1906,427,183.8,1e-54,0.0,159,64.2,1.3e-21,2.2e-18,0.0,workflow/out/metC/hmmer_output/Bacteroides_ovatus_metC.domtblout
Bacteroides_ovatus_metC,NZ_CP012938.1_4844/5-390,NZ_CP012938.1_4844,395,128.3,7.7e-38,0.2,386,128.1,5.3e-41,8.7e-38,0.2,workflow/out/metC/hmmer_output/Bacteroides_ovatus_metC.domtblout
Bacteroides_thetaiotaomicron_metC,NZ_CP040530.1_247/12-224,NZ_CP040530.1_247,429,216.6,1.1e-64,0.4,213,112.3,3.4e-36,5.6e-33,0.4,workflow/out/metC/hmmer_output/Bacteroides_thetaiotaomicron_metC.domtblout
Bacteroides_thetaiotaomicron_metC,NZ_CP040530.1_247/271-427,NZ_CP040530.1_247,429,216.6,1.1e-64,0.4,157,102.7,2.7e-33,4.4e-30,0.0,workflow/out/metC/hmmer_output/Bacteroides_thetaiotaomicron_metC.domtblout
Bacteroides_thetaiotaomicron_metC,NZ_CP040530.1_4660/24-232,NZ_CP040530.1_4660,427,184.6,5.8e-55,0.0,209,117.9,6.6e-38,1.1e-34,0.0,workflow/out/metC/hmmer_output/Bacteroides_thetaiotaomicron_metC.domtblout
Bacteroides_thetaiotaomicron_metC,NZ_CP040530.1_4660/268-425,NZ_CP040530.1_4660,427,184.6,5.8e-55,0.0,158,64.8,8.9e-22,1.5e-18,0.0,workflow/out/metC/hmmer_output/Bacteroides_thetaiotaomicron_metC.domtblout
Bacteroides_thetaiotaomicron_metC,NZ_CP040530.1_1260/91-208,NZ_CP040530.1_1260,387,17.4,0.00036,0.4,118,16.9,3.3e-07,0.00054,0.4,workflow/out/metC/hmmer_output/Bacteroides_thetaiotaomicron_metC.domtblout
Bifidobacterium-adolescentis-L2-32-MAF-2_metC,1_495/17-392,1_495,394,235.1,1.1e-70,0.2,376,234.9,3.1e-73,1.2e-70,0.2,workflow/out/metC/hmmer_output/Bifidobacterium-adolescentis-L2-32-MAF-2_metC.domtblout
Bifidobacterium-adolescentis-L2-32-MAF-2_metC,1_619/13-224,1_619,437,188.8,1.2e-56,0.0,212,109.9,2.9e-35,1.1e-32,0.0,workflow/out/metC/hmmer_output/Bifidobacterium-adolescentis-L2-32-MAF-2_metC.domtblout
Bifidobacterium-adolescentis-L2-32-MAF-2_metC,1_619/273-428,1_619,437,188.8,1.2e-56,0.0,156,77.1,2.7e-25,1e-22,0.0,workflow/out/metC/hmmer_output/Bifidobacterium-adolescentis-L2-32-MAF-2_metC.domtblout
Bifidobacterium-adolescentis-L2-32-MAF-2_metC,1_416/20-223,1_416,427,187.4,3.3e-56,0.0,204,120.4,1.9e-38,7.3e-36,0.0,workflow/out/metC/hmmer_output/Bifidobacterium-adolescentis-L2-32-MAF-2_metC.domtblout
Bifidobacterium-adolescentis-L2-32-MAF-2_metC,1_416/267-424,1_416,427,187.4,3.3e-56,0.0,158,65.3,1e-21,4e-19,0.0,workflow/out/metC/hmmer_output/Bifidobacterium-adolescentis-L2-32-MAF-2_metC.domtblout
Bifidobacterium-adolescentis-L2-32-MAF-2_metC,1_526/6-387,1_526,412,177.6,3.2e-53,0.0,382,177.3,9.9e-56,3.8e-53,0.0,workflow/out/metC/hmmer_output/Bifidobacterium-adolescentis-L2-32-MAF-2_metC.domtblout
Bifidobacterium-adolescentis-L2-32-MAF-2_metC,1_831/124-231,1_831,425,15.6,0.00051,0.0,108,15.2,1.8e-06,0.00069,0.0,workflow/out/metC/hmmer_output/Bifidobacterium-adolescentis-L2-32-MAF-2_metC.domtblout
Bifidobacterium_adolescentis_metC,NZ_CP028341.1_502/17-392,NZ_CP028341.1_502,394,234.2,1.8e-70,0.2,376,234.0,5.7e-73,2.1e-70,0.2,workflow/out/metC/hmmer_output/Bifidobacterium_adolescentis_metC.domtblout
Bifidobacterium_adolescentis_metC,NZ_CP028341.1_612/13-224,NZ_CP028341.1_612,437,188.8,1.1e-56,0.0,212,109.9,2.9e-35,1e-32,0.0,workflow/out/metC/hmmer_output/Bifidobacterium_adolescentis_metC.domtblout
Bifidobacterium_adolescentis_metC,NZ_CP028341.1_612/273-428,NZ_CP028341.1_612,437,188.8,1.1e-56,0.0,156,77.1,2.7e-25,9.6e-23,0.0,workflow/out/metC/hmmer_output/Bifidobacterium_adolescentis_metC.domtblout
Bifidobacterium_adolescentis_metC,NZ_CP028341.1_424/20-223,NZ_CP028341.1_424,427,187.4,3.1e-56,0.0,204,120.4,1.9e-38,6.8e-36,0.0,workflow/out/metC/hmmer_output/Bifidobacterium_adolescentis_metC.domtblout
Bifidobacterium_adolescentis_metC,NZ_CP028341.1_424/267-424,NZ_CP028341.1_424,427,187.4,3.1e-56,0.0,158,65.3,1e-21,3.7e-19,0.0,workflow/out/metC/hmmer_output/Bifidobacterium_adolescentis_metC.domtblout
Bifidobacterium_adolescentis_metC,NZ_CP028341.1_520/6-387,NZ_CP028341.1_520,412,180.6,3.6e-54,0.0,382,180.3,1.2e-56,4.4e-54,0.0,workflow/out/metC/hmmer_output/Bifidobacterium_adolescentis_metC.domtblout
Bifidobacterium_adolescentis_metC,NZ_CP028341.1_808/124-231,NZ_CP028341.1_808,425,12.3,0.0049,0.0,108,11.8,1.9e-05,0.0067,0.0,workflow/out/metC/hmmer_output/Bifidobacterium_adolescentis_metC.domtblout
Bifidobacterium_longum_metC,NC_015067.1_457/16-394,NC_015067.1_457,395,224.4,1.9e-67,0.3,379,224.2,6.5e-70,2.1e-67,0.3,workflow/out/metC/hmmer_output/Bifidobacterium_longum_metC.domtblout
Bifidobacterium_longum_metC,NC_015067.1_1385/6-385,NC_015067.1_1385,411,189.1,1e-56,0.0,380,188.8,3.7e-59,1.2e-56,0.0,workflow/out/metC/hmmer_output/Bifidobacterium_longum_metC.domtblout
Bifidobacterium_longum_metC,NC_015067.1_691/15-226,NC_015067.1_691,439,187.8,2.4e-56,0.0,212,109.9,3.5e-35,1.1e-32,0.0,workflow/out/metC/hmmer_output/Bifidobacterium_longum_metC.domtblout
Bifidobacterium_longum_metC,NC_015067.1_691/275-431,NC_015067.1_691,439,187.8,2.4e-56,0.0,157,76.2,6.2e-25,2e-22,0.0,workflow/out/metC/hmmer_output/Bifidobacterium_longum_metC.domtblout
Bifidobacterium_longum_metC,NC_015067.1_1381/7-87,NC_015067.1_1381,90,25.0,7.2e-07,0.1,81,24.9,2.4e-09,7.8e-07,0.1,workflow/out/metC/hmmer_output/Bifidobacterium_longum_metC.domtblout
Bifidobacterium_longum_metC,NC_015067.1_1720/51-128,NC_015067.1_1720,131,14.9,0.00082,0.0,78,14.8,2.7e-06,0.00089,0.0,workflow/out/metC/hmmer_output/Bifidobacterium_longum_metC.domtblout
Bifidobacterium_longum_metC,NC_015067.1_756/124-231,NC_015067.1_756,425,13.4,0.0024,0.0,108,12.8,1.1e-05,0.0037,0.0,workflow/out/metC/hmmer_output/Bifidobacterium_longum_metC.domtblout
Blautia-hansenii-DSM-20583-MAF-2_metC,1_16/10-224,1_16,430,176.2,1.2e-52,0.2,215,105.0,3.6e-34,5.4e-31,0.1,workflow/out/metC/hmmer_output/Blautia-hansenii-DSM-20583-MAF-2_metC.domtblout
Blautia-hansenii-DSM-20583-MAF-2_metC,1_16/267-426,1_16,430,176.2,1.2e-52,0.2,160,69.4,2.4e-23,3.5e-20,0.0,workflow/out/metC/hmmer_output/Blautia-hansenii-DSM-20583-MAF-2_metC.domtblout
Blautia-hansenii-DSM-20583-MAF-2_metC,1_2701/4-144,1_2701,243,76.3,2.7e-22,0.0,141,76.1,2.2e-25,3.2e-22,0.0,workflow/out/metC/hmmer_output/Blautia-hansenii-DSM-20583-MAF-2_metC.domtblout
Blautia-hydrogenotrophica-DSM-10507-MAF-2_metC,1_2063/12-224,1_2063,431,206.2,1.1e-61,1.1,213,117.6,1.1e-37,8.9e-35,0.3,workflow/out/metC/hmmer_output/Blautia-hydrogenotrophica-DSM-10507-MAF-2_metC.domtblout
Blautia-hydrogenotrophica-DSM-10507-MAF-2_metC,1_2063/270-428,1_2063,431,206.2,1.1e-61,1.1,159,87.6,1.4e-28,1.2e-25,0.0,workflow/out/metC/hmmer_output/Blautia-hydrogenotrophica-DSM-10507-MAF-2_metC.domtblout
Blautia-hydrogenotrophica-DSM-10507-MAF-2_metC,1_865/8-245,1_865,427,176.1,1.5e-52,0.0,238,110.9,1.2e-35,9.5e-33,0.0,workflow/out/metC/hmmer_output/Blautia-hydrogenotrophica-DSM-10507-MAF-2_metC.domtblout
Blautia-hydrogenotrophica-DSM-10507-MAF-2_metC,1_865/267-424,1_865,427,176.1,1.5e-52,0.0,158,63.6,2.8e-21,2.3e-18,0.0,workflow/out/metC/hmmer_output/Blautia-hydrogenotrophica-DSM-10507-MAF-2_metC.domtblout
Blautia-hydrogenotrophica-DSM-10507-MAF-2_metC,1_1342/88-204,1_1342,389,18.6,0.00011,0.0,117,17.2,3.5e-07,0.00028,0.0,workflow/out/metC/hmmer_output/Blautia-hydrogenotrophica-DSM-10507-MAF-2_metC.domtblout
Blautia-hydrogenotrophica-DSM-10507-MAF-2_metC,1_1813/97-205,1_1813,392,14.3,0.0022,0.0,109,13.6,4.2e-06,0.0034,0.0,workflow/out/metC/hmmer_output/Blautia-hydrogenotrophica-DSM-10507-MAF-2_metC.domtblout
Blautia-obeum-ATCC-29174-MAF-2_metC,1_2036/19-229,1_2036,437,189.0,1.9e-56,0.3,211,111.1,1e-35,8.7e-33,0.5,workflow/out/metC/hmmer_output/Blautia-obeum-ATCC-29174-MAF-2_metC.domtblout
Blautia-obeum-ATCC-29174-MAF-2_metC,1_2036/278-435,1_2036,437,189.0,1.9e-56,0.3,158,75.9,5e-25,4.2e-22,0.0,workflow/out/metC/hmmer_output/Blautia-obeum-ATCC-29174-MAF-2_metC.domtblout
Blautia-obeum-ATCC-29174-MAF-2_metC,1_3188/47-220,1_3188,427,180.5,7.3e-54,0.0,174,109.5,3.1e-35,2.6e-32,0.0,workflow/out/metC/hmmer_output/Blautia-obeum-ATCC-29174-MAF-2_metC.domtblout
Blautia-obeum-ATCC-29174-MAF-2_metC,1_3188/267-426,1_3188,427,180.5,7.3e-54,0.0,160,69.0,6.1e-23,5.2e-20,0.0,workflow/out/metC/hmmer_output/Blautia-obeum-ATCC-29174-MAF-2_metC.domtblout
Blautia-obeum-ATCC-29174-MAF-2_metC,1_2027/14-218,1_2027,418,164.7,4.5e-49,0.3,205,98.7,5.8e-32,4.9e-29,0.2,workflow/out/metC/hmmer_output/Blautia-obeum-ATCC-29174-MAF-2_metC.domtblout
Blautia-obeum-ATCC-29174-MAF-2_metC,1_2027/247-408,1_2027,418,164.7,4.5e-49,0.3,162,64.3,1.7e-21,1.5e-18,0.0,workflow/out/metC/hmmer_output/Blautia-obeum-ATCC-29174-MAF-2_metC.domtblout
Blautia-obeum-ATCC-29174-MAF-2_metC,1_745/67-184,1_745,394,14.0,0.0027,0.0,118,13.5,4.8e-06,0.0041,0.0,workflow/out/metC/hmmer_output/Blautia-obeum-ATCC-29174-MAF-2_metC.domtblout
Blautia-sp-KLE-1732-MAF-2_metC,1_1331/18-229,1_1331,436,199.8,9.8e-60,0.3,212,115.5,4.5e-37,3.9e-34,0.5,workflow/out/metC/hmmer_output/Blautia-sp-KLE-1732-MAF-2_metC.domtblout
Blautia-sp-KLE-1732-MAF-2_metC,1_1331/277-433,1_1331,436,199.8,9.8e-60,0.3,157,82.2,6.1e-27,5.2e-24,0.0,workflow/out/metC/hmmer_output/Blautia-sp-KLE-1732-MAF-2_metC.domtblout
Blautia-sp-KLE-1732-MAF-2_metC,1_1177/8-222,1_1177,428,181.4,3.9e-54,0.8,215,116.9,1.7e-37,1.5e-34,0.4,workflow/out/metC/hmmer_output/Blautia-sp-KLE-1732-MAF-2_metC.domtblout
Blautia-sp-KLE-1732-MAF-2_metC,1_1177/266-425,1_1177,428,181.4,3.9e-54,0.8,160,63.1,3.9e-21,3.3e-18,0.0,workflow/out/metC/hmmer_output/Blautia-sp-KLE-1732-MAF-2_metC.domtblout
Blautia-sp-KLE-1732-MAF-2_metC,1_66/20-228,1_66,422,160.0,1.2e-47,0.0,209,102.6,3.8e-33,3.3e-30,0.0,workflow/out/metC/hmmer_output/Blautia-sp-KLE-1732-MAF-2_metC.domtblout
Blautia-sp-KLE-1732-MAF-2_metC,1_66/256-418,1_66,422,160.0,1.2e-47,0.0,163,55.5,7.9e-19,6.8e-16,0.0,workflow/out/metC/hmmer_output/Blautia-sp-KLE-1732-MAF-2_metC.domtblout
Blautia-sp-KLE-1732-MAF-2_metC,1_2020/127-196,1_2020,382,21.0,2e-05,0.0,70,20.5,3.4e-08,2.9e-05,0.0,workflow/out/metC/hmmer_output/Blautia-sp-KLE-1732-MAF-2_metC.domtblout
Blautia-wexlerae-DSM-19850-MAF-2_metC,1_3334/19-230,1_3334,438,200.4,7.8e-60,0.4,212,117.0,2.4e-37,1.7e-34,0.7,workflow/out/metC/hmmer_output/Blautia-wexlerae-DSM-19850-MAF-2_metC.domtblout
Blautia-wexlerae-DSM-19850-MAF-2_metC,1_3334/278-434,1_3334,438,200.4,7.8e-60,0.4,157,81.3,1.8e-26,1.3e-23,0.0,workflow/out/metC/hmmer_output/Blautia-wexlerae-DSM-19850-MAF-2_metC.domtblout
Blautia-wexlerae-DSM-19850-MAF-2_metC,1_949/9-222,1_949,428,175.6,2.8e-52,0.1,214,114.8,1.1e-36,8.2e-34,0.2,workflow/out/metC/hmmer_output/Blautia-wexlerae-DSM-19850-MAF-2_metC.domtblout
Blautia-wexlerae-DSM-19850-MAF-2_metC,1_949/266-425,1_949,428,175.6,2.8e-52,0.1,160,59.0,1.1e-19,7.5e-17,0.0,workflow/out/metC/hmmer_output/Blautia-wexlerae-DSM-19850-MAF-2_metC.domtblout
Blautia-wexlerae-DSM-19850-MAF-2_metC,1_1259/7-218,1_1259,414,134.5,8.7e-40,0.0,212,80.3,3.6e-26,2.5e-23,0.0,workflow/out/metC/hmmer_output/Blautia-wexlerae-DSM-19850-MAF-2_metC.domtblout
Blautia-wexlerae-DSM-19850-MAF-2_metC,1_1259/248-408,1_1259,414,134.5,8.7e-40,0.0,161,52.4,1.1e-17,7.5e-15,0.0,workflow/out/metC/hmmer_output/Blautia-wexlerae-DSM-19850-MAF-2_metC.domtblout
Blautia-wexlerae-DSM-19850-MAF-2_metC,1_379/77-207,1_379,486,17.5,0.00031,0.2,131,16.0,1.2e-06,0.00086,0.2,workflow/out/metC/hmmer_output/Blautia-wexlerae-DSM-19850-MAF-2_metC.domtblout
Butyricimonas-virosa-DSM-23226-MAF-2_metC,1_1195/90-174,1_1195,399,14.5,0.0022,0.1,85,14.0,1.6e-06,0.0031,0.1,workflow/out/metC/hmmer_output/Butyricimonas-virosa-DSM-23226-MAF-2_metC.domtblout
Butyricimonas-virosa-DSM-23226-MAF-2_metC,1_622/133-208,1_622,388,13.0,0.0064,0.0,76,12.4,5e-06,0.0099,0.0,workflow/out/metC/hmmer_output/Butyricimonas-virosa-DSM-23226-MAF-2_metC.domtblout
Butyrivibrio-crossotus-DSM-2876-MAF-2_metC,1_1649/8-221,1_1649,429,193.5,5.9e-58,0.0,214,124.4,1.2e-39,5.8e-37,0.0,workflow/out/metC/hmmer_output/Butyrivibrio-crossotus-DSM-2876-MAF-2_metC.domtblout
Butyrivibrio-crossotus-DSM-2876-MAF-2_metC,1_1649/266-425,1_1649,429,193.5,5.9e-58,0.0,160,67.4,2.5e-22,1.2e-19,0.0,workflow/out/metC/hmmer_output/Butyrivibrio-crossotus-DSM-2876-MAF-2_metC.domtblout
Butyrivibrio-crossotus-DSM-2876-MAF-2_metC,1_2011/19-230,1_2011,436,188.8,1.5e-56,0.1,212,113.9,1.7e-36,8.5e-34,0.1,workflow/out/metC/hmmer_output/Butyrivibrio-crossotus-DSM-2876-MAF-2_metC.domtblout
Butyrivibrio-crossotus-DSM-2876-MAF-2_metC,1_2011/277-434,1_2011,436,188.8,1.5e-56,0.1,158,73.1,4.6e-24,2.2e-21,0.0,workflow/out/metC/hmmer_output/Butyrivibrio-crossotus-DSM-2876-MAF-2_metC.domtblout
Butyrivibrio-crossotus-DSM-2876-MAF-2_metC,1_1567/40-292,1_1567,296,172.1,1.8e-51,0.0,253,171.9,4.2e-54,2e-51,0.0,workflow/out/metC/hmmer_output/Butyrivibrio-crossotus-DSM-2876-MAF-2_metC.domtblout
Butyrivibrio-crossotus-DSM-2876-MAF-2_metC,1_220/93-206,1_220,390,18.3,9.6e-05,0.1,114,18.0,2.5e-07,0.00012,0.1,workflow/out/metC/hmmer_output/Butyrivibrio-crossotus-DSM-2876-MAF-2_metC.domtblout
Catenibacterium-mitsuokai-DSM-15897-MAF-2_metC,1_312/13-225,1_312,432,198.5,1.8e-59,1.3,213,120.4,2.3e-38,9.9e-36,0.9,workflow/out/metC/hmmer_output/Catenibacterium-mitsuokai-DSM-15897-MAF-2_metC.domtblout
Catenibacterium-mitsuokai-DSM-15897-MAF-2_metC,1_312/272-430,1_312,432,198.5,1.8e-59,1.3,159,76.9,3.9e-25,1.7e-22,0.0,workflow/out/metC/hmmer_output/Catenibacterium-mitsuokai-DSM-15897-MAF-2_metC.domtblout
Catenibacterium-mitsuokai-DSM-15897-MAF-2_metC,1_450/23-218,1_450,423,169.5,1.2e-50,0.0,196,105.4,8.4e-34,3.6e-31,0.1,workflow/out/metC/hmmer_output/Catenibacterium-mitsuokai-DSM-15897-MAF-2_metC.domtblout
Catenibacterium-mitsuokai-DSM-15897-MAF-2_metC,1_450/263-420,1_450,423,169.5,1.2e-50,0.0,158,62.5,8.9e-21,3.8e-18,0.0,workflow/out/metC/hmmer_output/Catenibacterium-mitsuokai-DSM-15897-MAF-2_metC.domtblout
Catenibacterium-mitsuokai-DSM-15897-MAF-2_metC,1_1613/79-193,1_1613,367,27.2,2e-07,0.1,115,26.8,6.2e-10,2.7e-07,0.1,workflow/out/metC/hmmer_output/Catenibacterium-mitsuokai-DSM-15897-MAF-2_metC.domtblout
Catenibacterium-mitsuokai-DSM-15897-MAF-2_metC,1_2447/95-208,1_2447,393,18.6,8.3e-05,0.0,114,18.0,3e-07,0.00013,0.0,workflow/out/metC/hmmer_output/Catenibacterium-mitsuokai-DSM-15897-MAF-2_metC.domtblout
Catenibacterium-mitsuokai-DSM-15897-MAF-2_metC,1_1485/61-191,1_1485,373,14.5,0.0015,0.0,131,14.0,5e-06,0.0021,0.0,workflow/out/metC/hmmer_output/Catenibacterium-mitsuokai-DSM-15897-MAF-2_metC.domtblout
Catenibacterium-mitsuokai-DSM-15897-MAF-2_metC,1_665/73-254,1_665,485,13.8,0.0024,0.9,182,12.9,1.1e-05,0.0046,0.9,workflow/out/metC/hmmer_output/Catenibacterium-mitsuokai-DSM-15897-MAF-2_metC.domtblout
Clostridium-scindens-ATCC-35704-MAF-2_metC,1_1212/14-223,1_1212,430,205.4,2.1e-61,0.6,210,111.8,7.7e-36,5.6e-33,0.3,workflow/out/metC/hmmer_output/Clostridium-scindens-ATCC-35704-MAF-2_metC.domtblout
Clostridium-scindens-ATCC-35704-MAF-2_metC,1_1212/258-429,1_1212,430,205.4,2.1e-61,0.6,172,92.2,7.3e-30,5.3e-27,0.0,workflow/out/metC/hmmer_output/Clostridium-scindens-ATCC-35704-MAF-2_metC.domtblout
Clostridium-scindens-ATCC-35704-MAF-2_metC,1_1700/8-235,1_1700,427,194.1,5.6e-58,0.1,228,118.4,7.9e-38,5.7e-35,0.0,workflow/out/metC/hmmer_output/Clostridium-scindens-ATCC-35704-MAF-2_metC.domtblout
Clostridium-scindens-ATCC-35704-MAF-2_metC,1_1700/267-425,1_1700,427,194.1,5.6e-58,0.1,159,74.1,2.3e-24,1.6e-21,0.0,workflow/out/metC/hmmer_output/Clostridium-scindens-ATCC-35704-MAF-2_metC.domtblout
Clostridium-scindens-ATCC-35704-MAF-2_metC,1_3347/90-207,1_3347,391,17.5,0.00025,0.0,118,17.0,5.1e-07,0.00037,0.0,workflow/out/metC/hmmer_output/Clostridium-scindens-ATCC-35704-MAF-2_metC.domtblout
Clostridium-scindens-ATCC-35704-MAF-2_metC,1_279/40-183,1_279,382,14.8,0.0017,0.0,144,14.3,3.4e-06,0.0024,0.0,workflow/out/metC/hmmer_output/Clostridium-scindens-ATCC-35704-MAF-2_metC.domtblout
Clostridium-scindens-ATCC-35704-MAF-2_metC,1_2992/65-181,1_2992,379,13.6,0.0039,0.0,117,13.2,7.1e-06,0.0052,0.0,workflow/out/metC/hmmer_output/Clostridium-scindens-ATCC-35704-MAF-2_metC.domtblout
Clostridium-sp-M62-1-MAF-2_metC,1_1546/48-224,1_1546,427,191.4,3.7e-57,0.0,177,118.1,7.4e-38,6.4e-35,0.0,workflow/out/metC/hmmer_output/Clostridium-sp-M62-1-MAF-2_metC.domtblout
Clostridium-sp-M62-1-MAF-2_metC,1_1546/267-425,1_1546,427,191.4,3.7e-57,0.0,159,71.5,1.1e-23,9.7e-21,0.0,workflow/out/metC/hmmer_output/Clostridium-sp-M62-1-MAF-2_metC.domtblout
Clostridium-sp-M62-1-MAF-2_metC,1_420/87-209,1_420,391,27.0,3.2e-07,0.1,123,26.5,5.1e-10,4.4e-07,0.1,workflow/out/metC/hmmer_output/Clostridium-sp-M62-1-MAF-2_metC.domtblout
Clostridium-spiroforme-DSM-1552-MAF-2_metC,1_577/11-224,1_577,428,194.9,2.1e-58,0.2,214,123.6,1.2e-39,9.4e-37,0.3,workflow/out/metC/hmmer_output/Clostridium-spiroforme-DSM-1552-MAF-2_metC.domtblout
Clostridium-spiroforme-DSM-1552-MAF-2_metC,1_577/265-425,1_577,428,194.9,2.1e-58,0.2,161,69.5,3.3e-23,2.6e-20,0.0,workflow/out/metC/hmmer_output/Clostridium-spiroforme-DSM-1552-MAF-2_metC.domtblout
Clostridium-spiroforme-DSM-1552-MAF-2_metC,1_70/26-200,1_70,413,14.9,0.00098,0.0,175,13.4,3.6e-06,0.0028,0.0,workflow/out/metC/hmmer_output/Clostridium-spiroforme-DSM-1552-MAF-2_metC.domtblout
Clostridium-spiroforme-DSM-1552-MAF-2_metC,1_2079/89-207,1_2079,390,14.1,0.0017,0.0,119,13.1,4.6e-06,0.0036,0.0,workflow/out/metC/hmmer_output/Clostridium-spiroforme-DSM-1552-MAF-2_metC.domtblout
Collinsella-stercoris-DSM-13279-MAF-2_metC,1_1523/19-228,1_1523,435,213.8,3.3e-64,2.5,210,125.5,4.4e-40,2.2e-37,1.6,workflow/out/metC/hmmer_output/Collinsella-stercoris-DSM-13279-MAF-2_metC.domtblout
Collinsella-stercoris-DSM-13279-MAF-2_metC,1_1523/280-433,1_1523,435,213.8,3.3e-64,2.5,154,87.4,1.6e-28,8.3e-26,0.0,workflow/out/metC/hmmer_output/Collinsella-stercoris-DSM-13279-MAF-2_metC.domtblout
Collinsella-stercoris-DSM-13279-MAF-2_metC,1_1982/47-221,1_1982,427,164.1,4.1e-49,0.0,175,103.8,1.7e-33,8.7e-31,0.0,workflow/out/metC/hmmer_output/Collinsella-stercoris-DSM-13279-MAF-2_metC.domtblout
Collinsella-stercoris-DSM-13279-MAF-2_metC,1_1982/267-424,1_1982,427,164.1,4.1e-49,0.0,158,58.4,1e-19,5.3e-17,0.0,workflow/out/metC/hmmer_output/Collinsella-stercoris-DSM-13279-MAF-2_metC.domtblout
Collinsella-stercoris-DSM-13279-MAF-2_metC,1_1931/45-232,1_1931,275,25.5,5.3e-07,0.0,188,25.1,1.4e-09,6.9e-07,0.0,workflow/out/metC/hmmer_output/Collinsella-stercoris-DSM-13279-MAF-2_metC.domtblout
Collinsella-stercoris-DSM-13279-MAF-2_metC,1_2012/72-196,1_2012,375,21.7,7.8e-06,0.0,125,21.3,2e-08,1e-05,0.0,workflow/out/metC/hmmer_output/Collinsella-stercoris-DSM-13279-MAF-2_metC.domtblout
Collinsella_aerofaciens_metC,NZ_CP024160.1_207/19-229,NZ_CP024160.1_207,437,220.2,3.5e-66,0.6,211,128.0,1.3e-40,3.6e-38,0.2,workflow/out/metC/hmmer_output/Collinsella_aerofaciens_metC.domtblout
Collinsella_aerofaciens_metC,NZ_CP024160.1_207/279-433,NZ_CP024160.1_207,437,220.2,3.5e-66,0.6,155,90.7,2.9e-29,7.9e-27,0.0,workflow/out/metC/hmmer_output/Collinsella_aerofaciens_metC.domtblout
Collinsella_aerofaciens_metC,NZ_CP024160.1_337/48-222,NZ_CP024160.1_337,428,172.8,8.6e-52,0.0,175,114.4,1.8e-36,5e-34,0.0,workflow/out/metC/hmmer_output/Collinsella_aerofaciens_metC.domtblout
Collinsella_aerofaciens_metC,NZ_CP024160.1_337/268-426,NZ_CP024160.1_337,428,172.8,8.6e-52,0.0,159,56.6,6.7e-19,1.8e-16,0.0,workflow/out/metC/hmmer_output/Collinsella_aerofaciens_metC.domtblout
Collinsella_aerofaciens_metC,NZ_CP024160.1_428/95-252,NZ_CP024160.1_428,335,42.0,5e-12,0.1,158,40.6,4.8e-14,1.3e-11,0.0,workflow/out/metC/hmmer_output/Collinsella_aerofaciens_metC.domtblout
Collinsella_aerofaciens_metC,NZ_CP024160.1_351/63-182,NZ_CP024160.1_351,381,31.0,1.1e-08,0.2,120,30.5,5.6e-11,1.6e-08,0.2,workflow/out/metC/hmmer_output/Collinsella_aerofaciens_metC.domtblout
Collinsella_aerofaciens_metC,NZ_CP024160.1_281/52-195,NZ_CP024160.1_281,375,21.5,8.5e-06,0.0,144,20.9,4.6e-08,1.3e-05,0.0,workflow/out/metC/hmmer_output/Collinsella_aerofaciens_metC.domtblout
Collinsella_aerofaciens_metC,NZ_CP024160.1_1042/72-206,NZ_CP024160.1_1042,379,21.3,9.8e-06,0.3,135,20.8,4.9e-08,1.4e-05,0.3,workflow/out/metC/hmmer_output/Collinsella_aerofaciens_metC.domtblout
Collinsella_aerofaciens_metC,NZ_CP024160.1_1267/84-195,NZ_CP024160.1_1267,377,18.5,6.6e-05,0.0,112,17.9,3.7e-07,0.0001,0.0,workflow/out/metC/hmmer_output/Collinsella_aerofaciens_metC.domtblout
Coprococcus-comes-ATCC-27758-MAF-2_metC,1_323/11-222,1_323,430,218.0,2.6e-65,0.5,212,113.4,2e-36,1.6e-33,0.7,workflow/out/metC/hmmer_output/Coprococcus-comes-ATCC-27758-MAF-2_metC.domtblout
Coprococcus-comes-ATCC-27758-MAF-2_metC,1_323/269-426,1_323,430,218.0,2.6e-65,0.5,158,102.6,4e-33,3.2e-30,0.0,workflow/out/metC/hmmer_output/Coprococcus-comes-ATCC-27758-MAF-2_metC.domtblout
Coprococcus-comes-ATCC-27758-MAF-2_metC,1_321/42-377,1_321,380,194.9,2.8e-58,0.0,336,194.8,3.8e-61,3e-58,0.0,workflow/out/metC/hmmer_output/Coprococcus-comes-ATCC-27758-MAF-2_metC.domtblout
Coprococcus-comes-ATCC-27758-MAF-2_metC,1_1801/49-222,1_1801,429,179.0,1.9e-53,0.1,174,110.3,1.8e-35,1.4e-32,0.1,workflow/out/metC/hmmer_output/Coprococcus-comes-ATCC-27758-MAF-2_metC.domtblout
Coprococcus-comes-ATCC-27758-MAF-2_metC,1_1801/268-427,1_1801,429,179.0,1.9e-53,0.1,160,66.8,3e-22,2.4e-19,0.0,workflow/out/metC/hmmer_output/Coprococcus-comes-ATCC-27758-MAF-2_metC.domtblout
Coprococcus-eutactus-ATCC-27759-MAF-2_metC,1_544/18-227,1_544,437,198.9,1.5e-59,0.5,210,120.3,1.6e-38,1.1e-35,0.6,workflow/out/metC/hmmer_output/Coprococcus-eutactus-ATCC-27759-MAF-2_metC.domtblout
Coprococcus-eutactus-ATCC-27759-MAF-2_metC,1_544/277-434,1_544,437,198.9,1.5e-59,0.5,158,76.7,3e-25,2e-22,0.0,workflow/out/metC/hmmer_output/Coprococcus-eutactus-ATCC-27759-MAF-2_metC.domtblout
Coprococcus-eutactus-ATCC-27759-MAF-2_metC,1_401/5-219,1_401,425,178.3,2.6e-53,0.0,215,114.7,8e-37,5.3e-34,0.1,workflow/out/metC/hmmer_output/Coprococcus-eutactus-ATCC-27759-MAF-2_metC.domtblout
Coprococcus-eutactus-ATCC-27759-MAF-2_metC,1_401/264-422,1_401,425,178.3,2.6e-53,0.0,159,61.8,9.9e-21,6.6e-18,0.0,workflow/out/metC/hmmer_output/Coprococcus-eutactus-ATCC-27759-MAF-2_metC.domtblout
Coprococcus-eutactus-ATCC-27759-MAF-2_metC,1_372/5-404,1_372,408,157.1,7.1e-47,0.9,400,150.5,1.1e-47,7e-45,0.9,workflow/out/metC/hmmer_output/Coprococcus-eutactus-ATCC-27759-MAF-2_metC.domtblout
Coprococcus-eutactus-ATCC-27759-MAF-2_metC,1_1273/88-243,1_1273,429,13.1,0.0039,0.0,156,12.3,1.1e-05,0.007,0.0,workflow/out/metC/hmmer_output/Coprococcus-eutactus-ATCC-27759-MAF-2_metC.domtblout
Desulfovibrio_piger_metC,NZ_CABKOD010000044.1_222/8-217,NZ_CABKOD010000044.1_222,422,202.3,1.3e-60,0.1,210,129.7,5.7e-42,1.4e-38,0.1,workflow/out/metC/hmmer_output/Desulfovibrio_piger_metC.domtblout
Desulfovibrio_piger_metC,NZ_CABKOD010000044.1_222/261-419,NZ_CABKOD010000044.1_222,422,202.3,1.3e-60,0.1,159,70.8,4.3e-24,1.1e-20,0.0,workflow/out/metC/hmmer_output/Desulfovibrio_piger_metC.domtblout
Dorea-formicigenerans-ATCC-27755-MAF-2_metC,1_1518/8-223,1_1518,427,190.1,7.4e-57,0.1,216,117.4,1.6e-37,9.6e-35,0.1,workflow/out/metC/hmmer_output/Dorea-formicigenerans-ATCC-27755-MAF-2_metC.domtblout
Dorea-formicigenerans-ATCC-27755-MAF-2_metC,1_1518/266-425,1_1518,427,190.1,7.4e-57,0.1,160,71.1,1.8e-23,1.1e-20,0.0,workflow/out/metC/hmmer_output/Dorea-formicigenerans-ATCC-27755-MAF-2_metC.domtblout
Dorea-formicigenerans-ATCC-27755-MAF-2_metC,1_529/19-229,1_529,437,186.6,9.1e-56,0.2,211,106.3,3.7e-34,2.3e-31,0.2,workflow/out/metC/hmmer_output/Dorea-formicigenerans-ATCC-27755-MAF-2_metC.domtblout
Dorea-formicigenerans-ATCC-27755-MAF-2_metC,1_529/276-434,1_529,437,186.6,9.1e-56,0.2,159,78.5,1e-25,6.2e-23,0.0,workflow/out/metC/hmmer_output/Dorea-formicigenerans-ATCC-27755-MAF-2_metC.domtblout
Dorea-formicigenerans-ATCC-27755-MAF-2_metC,1_861/4-106,1_861,140,42.4,5.9e-12,0.0,103,42.2,1.1e-14,6.8e-12,0.0,workflow/out/metC/hmmer_output/Dorea-formicigenerans-ATCC-27755-MAF-2_metC.domtblout
Dorea-formicigenerans-ATCC-27755-MAF-2_metC,1_322/106-216,1_322,417,20.9,1.9e-05,0.1,111,20.5,4.3e-08,2.6e-05,0.1,workflow/out/metC/hmmer_output/Dorea-formicigenerans-ATCC-27755-MAF-2_metC.domtblout
Dorea-formicigenerans-ATCC-27755-MAF-2_metC,1_104/94-206,1_104,389,18.0,0.00014,0.0,113,17.7,3e-07,0.00018,0.0,workflow/out/metC/hmmer_output/Dorea-formicigenerans-ATCC-27755-MAF-2_metC.domtblout
Dorea-longicatena-DSM-13814-MAF-2_metC,1_2162/7-380,1_2162,382,216.1,8.9e-65,0.0,374,215.9,2.2e-67,9.9e-65,0.0,workflow/out/metC/hmmer_output/Dorea-longicatena-DSM-13814-MAF-2_metC.domtblout
Dorea-longicatena-DSM-13814-MAF-2_metC,1_2165/20-230,1_2165,437,189.2,1.3e-56,0.6,211,110.4,2.5e-35,1.1e-32,0.7,workflow/out/metC/hmmer_output/Dorea-longicatena-DSM-13814-MAF-2_metC.domtblout
Dorea-longicatena-DSM-13814-MAF-2_metC,1_2165/278-434,1_2165,437,189.2,1.3e-56,0.6,157,76.8,4e-25,1.8e-22,0.0,workflow/out/metC/hmmer_output/Dorea-longicatena-DSM-13814-MAF-2_metC.domtblout
Dorea-longicatena-DSM-13814-MAF-2_metC,1_2430/49-223,1_2430,428,176.4,1e-52,0.0,175,113.1,3.7e-36,1.7e-33,0.0,workflow/out/metC/hmmer_output/Dorea-longicatena-DSM-13814-MAF-2_metC.domtblout
Dorea-longicatena-DSM-13814-MAF-2_metC,1_2430/268-427,1_2430,428,176.4,1e-52,0.0,160,61.4,2e-20,9e-18,0.0,workflow/out/metC/hmmer_output/Dorea-longicatena-DSM-13814-MAF-2_metC.domtblout
Dorea-longicatena-DSM-13814-MAF-2_metC,1_423/71-191,1_423,380,20.3,2.7e-05,0.1,121,19.9,7.9e-08,3.6e-05,0.1,workflow/out/metC/hmmer_output/Dorea-longicatena-DSM-13814-MAF-2_metC.domtblout
Dorea-longicatena-DSM-13814-MAF-2_metC,1_2507/94-212,1_2507,391,16.6,0.00035,0.0,119,16.2,1e-06,0.00046,0.0,workflow/out/metC/hmmer_output/Dorea-longicatena-DSM-13814-MAF-2_metC.domtblout
Dorea-longicatena-DSM-13814-MAF-2_metC,1_531/67-182,1_531,385,14.3,0.0018,0.0,116,13.9,5.4e-06,0.0024,0.0,workflow/out/metC/hmmer_output/Dorea-longicatena-DSM-13814-MAF-2_metC.domtblout
Enterocloster-asparagiformis-DSM-15981-MAF-2_metC,1_47/19-230,1_47,440,201.2,6.1e-60,0.3,212,124.3,1.7e-39,1.4e-36,0.1,workflow/out/metC/hmmer_output/Enterocloster-asparagiformis-DSM-15981-MAF-2_metC.domtblout
Enterocloster-asparagiformis-DSM-15981-MAF-2_metC,1_47/277-434,1_47,440,201.2,6.1e-60,0.3,158,75.1,1.5e-24,1.2e-21,0.0,workflow/out/metC/hmmer_output/Enterocloster-asparagiformis-DSM-15981-MAF-2_metC.domtblout
Enterocloster-asparagiformis-DSM-15981-MAF-2_metC,1_4706/43-388,1_4706,394,196.8,1.3e-58,0.0,346,196.6,1.8e-61,1.4e-58,0.0,workflow/out/metC/hmmer_output/Enterocloster-asparagiformis-DSM-15981-MAF-2_metC.domtblout
Enterocloster-asparagiformis-DSM-15981-MAF-2_metC,1_3332/49-237,1_3332,427,189.0,3.1e-56,0.0,189,115.8,6.7e-37,5.3e-34,0.0,workflow/out/metC/hmmer_output/Enterocloster-asparagiformis-DSM-15981-MAF-2_metC.domtblout
Enterocloster-asparagiformis-DSM-15981-MAF-2_metC,1_3332/267-425,1_3332,427,189.0,3.1e-56,0.0,159,71.4,2.1e-23,1.6e-20,0.0,workflow/out/metC/hmmer_output/Enterocloster-asparagiformis-DSM-15981-MAF-2_metC.domtblout
Enterocloster-asparagiformis-DSM-15981-MAF-2_metC,1_4115/51-191,1_4115,379,19.0,0.00013,0.0,141,18.5,2.4e-07,0.00019,0.0,workflow/out/metC/hmmer_output/Enterocloster-asparagiformis-DSM-15981-MAF-2_metC.domtblout
Enterocloster-asparagiformis-DSM-15981-MAF-2_metC,1_4883/93-216,1_4883,390,18.2,0.00023,0.0,124,17.2,6e-07,0.00048,0.0,workflow/out/metC/hmmer_output/Enterocloster-asparagiformis-DSM-15981-MAF-2_metC.domtblout
Enterocloster-asparagiformis-DSM-15981-MAF-2_metC,1_3688/91-205,1_3688,389,16.7,0.00069,0.0,115,16.1,1.3e-06,0.001,0.0,workflow/out/metC/hmmer_output/Enterocloster-asparagiformis-DSM-15981-MAF-2_metC.domtblout
Enterocloster-asparagiformis-DSM-15981-MAF-2_metC,1_3651/96-222,1_3651,405,13.4,0.0067,0.0,127,12.9,1.2e-05,0.0094,0.0,workflow/out/metC/hmmer_output/Enterocloster-asparagiformis-DSM-15981-MAF-2_metC.domtblout
Enterocloster-bolteae-ATCC-BAA-613-MAF-2_metC,1_108/16-393,1_108,395,278.4,2.3e-83,0.1,378,278.2,2.6e-86,2.6e-83,0.1,workflow/out/metC/hmmer_output/Enterocloster-bolteae-ATCC-BAA-613-MAF-2_metC.domtblout
Enterocloster-bolteae-ATCC-BAA-613-MAF-2_metC,1_3298/48-235,1_3298,426,186.6,1.7e-55,0.1,188,111.3,1.3e-35,1.3e-32,0.0,workflow/out/metC/hmmer_output/Enterocloster-bolteae-ATCC-BAA-613-MAF-2_metC.domtblout
Enterocloster-bolteae-ATCC-BAA-613-MAF-2_metC,1_3298/266-424,1_3298,426,186.6,1.7e-55,0.1,159,73.5,4.1e-24,4.1e-21,0.0,workflow/out/metC/hmmer_output/Enterocloster-bolteae-ATCC-BAA-613-MAF-2_metC.domtblout
Enterocloster-bolteae-ATCC-BAA-613-MAF-2_metC,1_5925/19-229,1_5925,436,184.2,9.3e-55,0.4,211,114.2,1.7e-36,1.7e-33,0.1,workflow/out/metC/hmmer_output/Enterocloster-bolteae-ATCC-BAA-613-MAF-2_metC.domtblout
Enterocloster-bolteae-ATCC-BAA-613-MAF-2_metC,1_5925/278-433,1_5925,436,184.2,9.3e-55,0.4,156,68.4,1.5e-22,1.5e-19,0.0,workflow/out/metC/hmmer_output/Enterocloster-bolteae-ATCC-BAA-613-MAF-2_metC.domtblout
Enterocloster-bolteae-ATCC-BAA-613-MAF-2_metC,1_465/102-200,1_465,429,28.8,1.5e-07,0.0,99,28.2,2.3e-10,2.3e-07,0.0,workflow/out/metC/hmmer_output/Enterocloster-bolteae-ATCC-BAA-613-MAF-2_metC.domtblout
Enterocloster-bolteae-ATCC-BAA-613-MAF-2_metC,1_5271/95-205,1_5271,391,21.1,3.5e-05,0.0,111,20.1,7e-08,7e-05,0.0,workflow/out/metC/hmmer_output/Enterocloster-bolteae-ATCC-BAA-613-MAF-2_metC.domtblout
Enterocloster-bolteae-ATCC-BAA-613-MAF-2_metC,1_538/40-86,1_538,346,17.0,0.0006,0.0,47,16.3,1e-06,0.001,0.0,workflow/out/metC/hmmer_output/Enterocloster-bolteae-ATCC-BAA-613-MAF-2_metC.domtblout
Escherichia_coli_metC,NC_000913.3_2951/8-394,NC_000913.3_2951,396,565.5,9.5e-171,0.1,387,565.3,2e-173,1.1e-170,0.1,workflow/out/metC/hmmer_output/Escherichia_coli_metC.domtblout
Escherichia_coli_metC,NC_000913.3_3860/9-382,NC_000913.3_3860,387,222.6,1.5e-66,0.0,374,222.4,3.1e-69,1.7e-66,0.0,workflow/out/metC/hmmer_output/Escherichia_coli_metC.domtblout
Escherichia_coli_metC,NC_000913.3_2221/39-171,NC_000913.3_2221,386,22.9,6.8e-06,0.5,133,22.5,1.7e-08,9.2e-06,0.5,workflow/out/metC/hmmer_output/Escherichia_coli_metC.domtblout
Escherichia_coli_metC,NC_000913.3_3718/37-145,NC_000913.3_3718,377,21.4,2e-05,0.1,109,20.8,5.5e-08,3e-05,0.1,workflow/out/metC/hmmer_output/Escherichia_coli_metC.domtblout
Escherichia_coli_metC,NC_000913.3_593/93-205,NC_000913.3_593,387,20.2,4.7e-05,0.0,113,19.6,1.3e-07,6.9e-05,0.0,workflow/out/metC/hmmer_output/Escherichia_coli_metC.domtblout
Escherichia_coli_metC,NC_000913.3_3305/57-239,NC_000913.3_3305,362,18.0,0.00021,0.1,183,17.3,6.4e-07,0.00035,0.1,workflow/out/metC/hmmer_output/Escherichia_coli_metC.domtblout
Escherichia_coli_metC,NC_000913.3_847/19-83,NC_000913.3_847,334,16.6,0.00057,0.1,65,15.8,1.8e-06,0.00097,0.1,workflow/out/metC/hmmer_output/Escherichia_coli_metC.domtblout
Escherichia_coli_metC,NC_000913.3_2497/81-188,NC_000913.3_2497,405,14.4,0.0027,0.0,108,13.9,7.2e-06,0.0039,0.0,workflow/out/metC/hmmer_output/Escherichia_coli_metC.domtblout
Eubacterium-siraeum-DSM-15702-MAF-2_metC,1_2342/16-227,1_2342,432,216.9,4.2e-65,1.5,212,118.5,8.5e-38,3.3e-35,1.0,workflow/out/metC/hmmer_output/Eubacterium-siraeum-DSM-15702-MAF-2_metC.domtblout
Eubacterium-siraeum-DSM-15702-MAF-2_metC,1_2342/275-430,1_2342,432,216.9,4.2e-65,1.5,156,97.0,2.9e-31,1.1e-28,0.0,workflow/out/metC/hmmer_output/Eubacterium-siraeum-DSM-15702-MAF-2_metC.domtblout
Eubacterium-siraeum-DSM-15702-MAF-2_metC,1_199/9-222,1_199,427,196.4,7.3e-59,0.0,214,107.3,2.1e-34,8.3e-32,0.0,workflow/out/metC/hmmer_output/Eubacterium-siraeum-DSM-15702-MAF-2_metC.domtblout
Eubacterium-siraeum-DSM-15702-MAF-2_metC,1_199/267-422,1_199,427,196.4,7.3e-59,0.0,156,87.2,2.8e-28,1.1e-25,0.0,workflow/out/metC/hmmer_output/Eubacterium-siraeum-DSM-15702-MAF-2_metC.domtblout
Eubacterium-siraeum-DSM-15702-MAF-2_metC,1_980/98-208,1_980,392,26.1,4e-07,0.2,111,24.6,2.9e-09,1.1e-06,0.2,workflow/out/metC/hmmer_output/Eubacterium-siraeum-DSM-15702-MAF-2_metC.domtblout
Eubacterium-siraeum-DSM-15702-MAF-2_metC,1_379/136-208,1_379,447,14.7,0.0012,0.1,73,13.6,6.7e-06,0.0026,0.0,workflow/out/metC/hmmer_output/Eubacterium-siraeum-DSM-15702-MAF-2_metC.domtblout
Eubacterium-siraeum-DSM-15702-MAF-2_metC,1_136/73-204,1_136,482,12.0,0.0076,0.1,132,10.7,5e-05,0.019,0.1,workflow/out/metC/hmmer_output/Eubacterium-siraeum-DSM-15702-MAF-2_metC.domtblout
Eubacterium-ventriosum-ATCC-27560-MAF-2_metC,1_1250/13-223,1_1250,431,200.9,3.4e-60,0.3,211,119.2,2.7e-38,2.3e-35,0.2,workflow/out/metC/hmmer_output/Eubacterium-ventriosum-ATCC-27560-MAF-2_metC.domtblout
Eubacterium-ventriosum-ATCC-27560-MAF-2_metC,1_1250/271-428,1_1250,431,200.9,3.4e-60,0.3,158,79.9,2.3e-26,1.9e-23,0.0,workflow/out/metC/hmmer_output/Eubacterium-ventriosum-ATCC-27560-MAF-2_metC.domtblout
Eubacterium-ventriosum-ATCC-27560-MAF-2_metC,1_1444/46-244,1_1444,425,194.3,3.4e-58,0.0,199,120.2,1.4e-38,1.1e-35,0.0,workflow/out/metC/hmmer_output/Eubacterium-ventriosum-ATCC-27560-MAF-2_metC.domtblout
Eubacterium-ventriosum-ATCC-27560-MAF-2_metC,1_1444/265-423,1_1444,425,194.3,3.4e-58,0.0,159,72.4,4.3e-24,3.6e-21,0.0,workflow/out/metC/hmmer_output/Eubacterium-ventriosum-ATCC-27560-MAF-2_metC.domtblout
Eubacterium-ventriosum-ATCC-27560-MAF-2_metC,1_790/91-206,1_790,389,22.5,5.3e-06,0.1,116,22.2,7.9e-09,6.6e-06,0.1,workflow/out/metC/hmmer_output/Eubacterium-ventriosum-ATCC-27560-MAF-2_metC.domtblout
Eubacterium_eligens_metC,NC_012780.1_333/18-229,NC_012780.1_333,437,200.4,4.9e-60,0.2,212,119.8,3.5e-38,1.5e-35,0.2,workflow/out/metC/hmmer_output/Eubacterium_eligens_metC.domtblout
Eubacterium_eligens_metC,NC_012780.1_333/278-434,NC_012780.1_333,437,200.4,4.9e-60,0.2,157,78.8,9.7e-26,4.3e-23,0.0,workflow/out/metC/hmmer_output/Eubacterium_eligens_metC.domtblout
Eubacterium_eligens_metC,NC_012780.1_550/48-222,NC_012780.1_550,428,181.3,3.1e-54,0.0,175,108.8,7.8e-35,3.5e-32,0.0,workflow/out/metC/hmmer_output/Eubacterium_eligens_metC.domtblout
Eubacterium_eligens_metC,NC_012780.1_550/268-427,NC_012780.1_550,428,181.3,3.1e-54,0.0,160,70.7,2.9e-23,1.3e-20,0.0,workflow/out/metC/hmmer_output/Eubacterium_eligens_metC.domtblout
Eubacterium_eligens_metC,NC_012778.1_588/7-217,NC_012778.1_588,412,152.7,1.5e-45,0.0,211,94.3,2e-30,8.8e-28,0.0,workflow/out/metC/hmmer_output/Eubacterium_eligens_metC.domtblout
Eubacterium_eligens_metC,NC_012778.1_588/252-406,NC_012778.1_588,412,152.7,1.5e-45,0.0,155,56.7,5.2e-19,2.3e-16,0.0,workflow/out/metC/hmmer_output/Eubacterium_eligens_metC.domtblout
Eubacterium_eligens_metC,NC_012780.1_116/106-224,NC_012780.1_116,410,20.5,2.3e-05,0.1,119,19.9,7.7e-08,3.4e-05,0.1,workflow/out/metC/hmmer_output/Eubacterium_eligens_metC.domtblout
Eubacterium_eligens_metC,NC_012778.1_1342/81-207,NC_012778.1_1342,485,13.5,0.003,0.3,127,12.8,1.1e-05,0.0049,0.3,workflow/out/metC/hmmer_output/Eubacterium_eligens_metC.domtblout
Eubacterium_eligens_metC,NC_012780.1_543/89-205,NC_012780.1_543,395,13.5,0.0031,0.0,117,12.8,1.1e-05,0.0049,0.0,workflow/out/metC/hmmer_output/Eubacterium_eligens_metC.domtblout
Eubacterium_rectale_metC,CP092643.1_1253/19-228,CP092643.1_1253,437,200.1,7.5e-60,0.2,210,117.0,2.8e-37,1.3e-34,0.1,workflow/out/metC/hmmer_output/Eubacterium_rectale_metC.domtblout
Eubacterium_rectale_metC,CP092643.1_1253/277-433,CP092643.1_1253,437,200.1,7.5e-60,0.2,157,81.3,2e-26,9.3e-24,0.0,workflow/out/metC/hmmer_output/Eubacterium_rectale_metC.domtblout
Eubacterium_rectale_metC,CP092643.1_778/48-228,CP092643.1_778,429,171.6,3.4e-51,0.1,181,107.8,1.7e-34,8.2e-32,0.1,workflow/out/metC/hmmer_output/Eubacterium_rectale_metC.domtblout
Eubacterium_rectale_metC,CP092643.1_778/268-427,CP092643.1_778,429,171.6,3.4e-51,0.1,160,61.8,1.7e-20,7.8e-18,0.0,workflow/out/metC/hmmer_output/Eubacterium_rectale_metC.domtblout
Eubacterium_rectale_metC,CP092643.1_766/5-216,CP092643.1_766,411,167.7,5.2e-50,0.0,212,101.8,1.2e-32,5.5e-30,0.1,workflow/out/metC/hmmer_output/Eubacterium_rectale_metC.domtblout
Eubacterium_rectale_metC,CP092643.1_766/243-405,CP092643.1_766,411,167.7,5.2e-50,0.0,163,64.0,3.5e-21,1.7e-18,0.0,workflow/out/metC/hmmer_output/Eubacterium_rectale_metC.domtblout
Eubacterium_rectale_metC,CP092643.1_2659/92-206,CP092643.1_2659,393,27.0,3.1e-07,0.1,115,26.5,9e-10,4.2e-07,0.1,workflow/out/metC/hmmer_output/Eubacterium_rectale_metC.domtblout
Eubacterium_rectale_metC,CP092643.1_2798/129-186,CP092643.1_2798,388,23.4,3.7e-06,0.0,58,22.8,1.2e-08,5.5e-06,0.0,workflow/out/metC/hmmer_output/Eubacterium_rectale_metC.domtblout
Eubacterium_rectale_metC,CP092643.1_2962/77-252,CP092643.1_2962,484,19.4,6.1e-05,0.6,176,18.2,3e-07,0.00014,0.6,workflow/out/metC/hmmer_output/Eubacterium_rectale_metC.domtblout
Eubacterium_rectale_metC,CP092643.1_2905/63-189,CP092643.1_2905,491,14.5,0.0019,0.1,127,13.7,6.9e-06,0.0032,0.1,workflow/out/metC/hmmer_output/Eubacterium_rectale_metC.domtblout
Faecalibacterium_prausnitzii_metC,NZ_CP030777.1_795/11-222,NZ_CP030777.1_795,430,224.1,3.2e-67,1.9,212,126.2,4.6e-40,1.8e-37,1.7,workflow/out/metC/hmmer_output/Faecalibacterium_prausnitzii_metC.domtblout
Faecalibacterium_prausnitzii_metC,NZ_CP030777.1_795/270-426,NZ_CP030777.1_795,430,224.1,3.2e-67,1.9,157,96.2,6e-31,2.3e-28,0.0,workflow/out/metC/hmmer_output/Faecalibacterium_prausnitzii_metC.domtblout
Faecalibacterium_prausnitzii_metC,NZ_CP030777.1_812/45-220,NZ_CP030777.1_812,425,191.1,3.3e-57,0.1,176,120.3,2.9e-38,1.1e-35,0.1,workflow/out/metC/hmmer_output/Faecalibacterium_prausnitzii_metC.domtblout
Faecalibacterium_prausnitzii_metC,NZ_CP030777.1_812/265-423,NZ_CP030777.1_812,425,191.1,3.3e-57,0.1,159,69.0,1.1e-22,4.3e-20,0.0,workflow/out/metC/hmmer_output/Faecalibacterium_prausnitzii_metC.domtblout
Faecalibacterium_prausnitzii_metC,NZ_CP030777.1_2208/98-207,NZ_CP030777.1_2208,395,23.1,3.7e-06,0.0,110,22.1,1.9e-08,7.4e-06,0.0,workflow/out/metC/hmmer_output/Faecalibacterium_prausnitzii_metC.domtblout
Faecalibacterium_prausnitzii_metC,NZ_CP030777.1_389/97-201,NZ_CP030777.1_389,406,14.5,0.0015,0.0,105,14.0,5.8e-06,0.0022,0.0,workflow/out/metC/hmmer_output/Faecalibacterium_prausnitzii_metC.domtblout
Faecalibacterium_prausnitzii_metC,NZ_CP030777.1_1080/174-207,NZ_CP030777.1_1080,473,13.9,0.0024,0.0,34,13.0,1.2e-05,0.0045,0.0,workflow/out/metC/hmmer_output/Faecalibacterium_prausnitzii_metC.domtblout
Faecalibacterium_prausnitzii_metC,NZ_CP030777.1_1658/84-212,NZ_CP030777.1_1658,489,12.1,0.0082,0.0,129,11.4,3.6e-05,0.014,0.0,workflow/out/metC/hmmer_output/Faecalibacterium_prausnitzii_metC.domtblout
Granulicatella-adiacens-ATCC-49175-MAF-2_metC,1_465/93-207,1_465,393,23.8,1.6e-06,0.0,115,23.5,1.1e-09,2e-06,0.0,workflow/out/metC/hmmer_output/Granulicatella-adiacens-ATCC-49175-MAF-2_metC.domtblout
Intestinibacter-bartlettii-DSM-16795-MAF-2_metC,scaffold_Scaffolds_0.cp.600_457/11-394,scaffold_Scaffolds_0.cp.600_457,397,240.4,3.6e-72,0.1,384,240.2,1.1e-74,4e-72,0.1,workflow/out/metC/hmmer_output/Intestinibacter-bartlettii-DSM-16795-MAF-2_metC.domtblout
Intestinibacter-bartlettii-DSM-16795-MAF-2_metC,scaffold_Scaffolds_0.cp.600_464/20-229,scaffold_Scaffolds_0.cp.600_464,437,201.7,2e-60,0.2,210,120.3,2.9e-38,1.1e-35,0.2,workflow/out/metC/hmmer_output/Intestinibacter-bartlettii-DSM-16795-MAF-2_metC.domtblout
Intestinibacter-bartlettii-DSM-16795-MAF-2_metC,scaffold_Scaffolds_0.cp.600_464/278-434,scaffold_Scaffolds_0.cp.600_464,437,201.7,2e-60,0.2,157,79.7,6.4e-26,2.4e-23,0.0,workflow/out/metC/hmmer_output/Intestinibacter-bartlettii-DSM-16795-MAF-2_metC.domtblout
Intestinibacter-bartlettii-DSM-16795-MAF-2_metC,scaffold_Scaffolds_0.cp.600_2062/11-231,scaffold_Scaffolds_0.cp.600_2062,429,190.3,6e-57,0.0,221,131.3,1.3e-41,5e-39,0.0,workflow/out/metC/hmmer_output/Intestinibacter-bartlettii-DSM-16795-MAF-2_metC.domtblout
Intestinibacter-bartlettii-DSM-16795-MAF-2_metC,scaffold_Scaffolds_0.cp.600_2062/267-426,scaffold_Scaffolds_0.cp.600_2062,429,190.3,6e-57,0.0,160,57.4,3.8e-19,1.4e-16,0.0,workflow/out/metC/hmmer_output/Intestinibacter-bartlettii-DSM-16795-MAF-2_metC.domtblout
Intestinibacter-bartlettii-DSM-16795-MAF-2_metC,scaffold_Scaffolds_0.cp.600_1956/41-187,scaffold_Scaffolds_0.cp.600_1956,392,21.7,9.9e-06,0.0,147,21.1,4e-08,1.5e-05,0.0,workflow/out/metC/hmmer_output/Intestinibacter-bartlettii-DSM-16795-MAF-2_metC.domtblout
Intestinibacter-bartlettii-DSM-16795-MAF-2_metC,scaffold_Scaffolds_0.cp.600_304/92-203,scaffold_Scaffolds_0.cp.600_304,395,17.3,0.00021,0.1,112,16.8,8e-07,0.00031,0.1,workflow/out/metC/hmmer_output/Intestinibacter-bartlettii-DSM-16795-MAF-2_metC.domtblout
Intestinibacter-bartlettii-DSM-16795-MAF-2_metC,scaffold_Scaffolds_0.cp.600_1757/74-195,scaffold_Scaffolds_0.cp.600_1757,379,15.0,0.001,0.1,122,14.3,4.5e-06,0.0017,0.1,workflow/out/metC/hmmer_output/Intestinibacter-bartlettii-DSM-16795-MAF-2_metC.domtblout
Intestinibacter-bartlettii-DSM-16795-MAF-2_metC,scaffold_Scaffolds_0.cp.600_73/87-233,scaffold_Scaffolds_0.cp.600_73,492,12.4,0.0064,0.1,147,11.9,2.4e-05,0.0092,0.1,workflow/out/metC/hmmer_output/Intestinibacter-bartlettii-DSM-16795-MAF-2_metC.domtblout
Lachnospira-eligens-ATCC-27750-MAF-2_metC,2_465/18-229,2_465,437,200.4,4.7e-60,0.2,212,119.8,3.5e-38,1.5e-35,0.2,workflow/out/metC/hmmer_output/Lachnospira-eligens-ATCC-27750-MAF-2_metC.domtblout
Lachnospira-eligens-ATCC-27750-MAF-2_metC,2_465/278-434,2_465,437,200.4,4.7e-60,0.2,157,78.8,9.7e-26,4.1e-23,0.0,workflow/out/metC/hmmer_output/Lachnospira-eligens-ATCC-27750-MAF-2_metC.domtblout
Lachnospira-eligens-ATCC-27750-MAF-2_metC,2_67/48-222,2_67,428,181.3,3e-54,0.0,175,108.8,7.8e-35,3.3e-32,0.0,workflow/out/metC/hmmer_output/Lachnospira-eligens-ATCC-27750-MAF-2_metC.domtblout
Lachnospira-eligens-ATCC-27750-MAF-2_metC,2_67/268-427,2_67,428,181.3,3e-54,0.0,160,70.7,2.9e-23,1.2e-20,0.0,workflow/out/metC/hmmer_output/Lachnospira-eligens-ATCC-27750-MAF-2_metC.domtblout
Lachnospira-eligens-ATCC-27750-MAF-2_metC,1_817/7-217,1_817,412,152.7,1.4e-45,0.0,211,94.3,2e-30,8.5e-28,0.0,workflow/out/metC/hmmer_output/Lachnospira-eligens-ATCC-27750-MAF-2_metC.domtblout
Lachnospira-eligens-ATCC-27750-MAF-2_metC,1_817/252-406,1_817,412,152.7,1.4e-45,0.0,155,56.7,5.2e-19,2.2e-16,0.0,workflow/out/metC/hmmer_output/Lachnospira-eligens-ATCC-27750-MAF-2_metC.domtblout
Lachnospira-eligens-ATCC-27750-MAF-2_metC,2_249/106-224,2_249,410,20.5,2.2e-05,0.1,119,19.9,7.7e-08,3.3e-05,0.1,workflow/out/metC/hmmer_output/Lachnospira-eligens-ATCC-27750-MAF-2_metC.domtblout
Lachnospira-eligens-ATCC-27750-MAF-2_metC,1_62/81-207,1_62,485,13.5,0.0029,0.3,127,12.8,1.1e-05,0.0047,0.3,workflow/out/metC/hmmer_output/Lachnospira-eligens-ATCC-27750-MAF-2_metC.domtblout
Lachnospira-eligens-ATCC-27750-MAF-2_metC,2_60/89-205,2_60,395,13.5,0.003,0.0,117,12.8,1.1e-05,0.0047,0.0,workflow/out/metC/hmmer_output/Lachnospira-eligens-ATCC-27750-MAF-2_metC.domtblout
Lactobacillus-ruminis-ATCC-25644-MAF-2_metC,1_1748/11-223,1_1748,426,201.2,2.2e-60,1.6,213,118.9,2.2e-38,2.2e-35,0.9,workflow/out/metC/hmmer_output/Lactobacillus-ruminis-ATCC-25644-MAF-2_metC.domtblout
Lactobacillus-ruminis-ATCC-25644-MAF-2_metC,1_1748/262-425,1_1748,426,201.2,2.2e-60,1.6,164,81.1,6.6e-27,6.7e-24,0.0,workflow/out/metC/hmmer_output/Lactobacillus-ruminis-ATCC-25644-MAF-2_metC.domtblout
Lactobacillus-ruminis-ATCC-25644-MAF-2_metC,1_1443/101-206,1_1443,413,12.6,0.0044,0.1,106,11.4,1e-05,0.01,0.1,workflow/out/metC/hmmer_output/Lactobacillus-ruminis-ATCC-25644-MAF-2_metC.domtblout
Lactococcus-lactis-IL1403-MAF-2_metC,1_1116/6-379,1_1116,381,253.7,2.9e-76,0.2,374,253.6,5.3e-79,3.3e-76,0.2,workflow/out/metC/hmmer_output/Lactococcus-lactis-IL1403-MAF-2_metC.domtblout
Lactococcus-lactis-IL1403-MAF-2_metC,1_1786/11-222,1_1786,427,185.9,1.2e-55,0.3,212,104.6,9.5e-34,5.9e-31,0.1,workflow/out/metC/hmmer_output/Lactococcus-lactis-IL1403-MAF-2_metC.domtblout
Lactococcus-lactis-IL1403-MAF-2_metC,1_1786/270-426,1_1786,427,185.9,1.2e-55,0.3,157,79.7,3.6e-26,2.2e-23,0.0,workflow/out/metC/hmmer_output/Lactococcus-lactis-IL1403-MAF-2_metC.domtblout
Lactococcus-lactis-IL1403-MAF-2_metC,1_2303/38-361,1_2303,363,153.7,7e-46,0.1,324,146.6,1.6e-46,1e-43,0.1,workflow/out/metC/hmmer_output/Lactococcus-lactis-IL1403-MAF-2_metC.domtblout
Lactococcus-lactis-IL1403-MAF-2_metC,1_1804/91-209,1_1804,392,17.9,0.00013,0.3,119,17.6,2.7e-07,0.00017,0.3,workflow/out/metC/hmmer_output/Lactococcus-lactis-IL1403-MAF-2_metC.domtblout
Marvinbryantia-formatexigens-DSM-14469-MAF-2_metC,1_3687/9-223,1_3687,428,181.0,6.2e-54,0.1,215,117.2,1.8e-37,1.5e-34,0.1,workflow/out/metC/hmmer_output/Marvinbryantia-formatexigens-DSM-14469-MAF-2_metC.domtblout
Marvinbryantia-formatexigens-DSM-14469-MAF-2_metC,1_3687/267-426,1_3687,428,181.0,6.2e-54,0.1,160,62.1,9.6e-21,8.1e-18,0.0,workflow/out/metC/hmmer_output/Marvinbryantia-formatexigens-DSM-14469-MAF-2_metC.domtblout
Marvinbryantia-formatexigens-DSM-14469-MAF-2_metC,1_991/20-118,1_991,325,137.3,1.2e-40,0.0,99,56.3,5.6e-19,4.7e-16,0.0,workflow/out/metC/hmmer_output/Marvinbryantia-formatexigens-DSM-14469-MAF-2_metC.domtblout
Marvinbryantia-formatexigens-DSM-14469-MAF-2_metC,1_991/167-323,1_991,325,137.3,1.2e-40,0.0,157,79.2,6.4e-26,5.3e-23,0.0,workflow/out/metC/hmmer_output/Marvinbryantia-formatexigens-DSM-14469-MAF-2_metC.domtblout
Marvinbryantia-formatexigens-DSM-14469-MAF-2_metC,1_992/14-98,1_992,101,25.0,1.5e-06,0.1,85,24.9,1.9e-09,1.6e-06,0.1,workflow/out/metC/hmmer_output/Marvinbryantia-formatexigens-DSM-14469-MAF-2_metC.domtblout
Marvinbryantia-formatexigens-DSM-14469-MAF-2_metC,1_3199/98-196,1_3199,396,14.0,0.0035,0.0,99,13.2,7.3e-06,0.0061,0.0,workflow/out/metC/hmmer_output/Marvinbryantia-formatexigens-DSM-14469-MAF-2_metC.domtblout
Megasphaera-elsdenii-14-14-MAF-2_metC,1_2131/13-396,1_2131,401,227.3,3e-68,0.2,384,227.1,5.6e-71,3.4e-68,0.2,workflow/out/metC/hmmer_output/Megasphaera-elsdenii-14-14-MAF-2_metC.domtblout
Megasphaera-elsdenii-14-14-MAF-2_metC,1_71/49-389,1_71,395,223.2,5.1e-67,0.2,341,222.9,1.1e-69,6.4e-67,0.2,workflow/out/metC/hmmer_output/Megasphaera-elsdenii-14-14-MAF-2_metC.domtblout
Megasphaera-elsdenii-14-14-MAF-2_metC,1_1318/14-224,1_1318,429,198.6,1.6e-59,0.0,211,115.0,6.5e-37,3.9e-34,0.1,workflow/out/metC/hmmer_output/Megasphaera-elsdenii-14-14-MAF-2_metC.domtblout
Megasphaera-elsdenii-14-14-MAF-2_metC,1_1318/265-426,1_1318,429,198.6,1.6e-59,0.0,162,81.7,8.7e-27,5.2e-24,0.0,workflow/out/metC/hmmer_output/Megasphaera-elsdenii-14-14-MAF-2_metC.domtblout
Megasphaera-elsdenii-14-14-MAF-2_metC,1_1885/76-188,1_1885,384,18.1,0.00011,0.0,113,17.4,3e-07,0.00018,0.0,workflow/out/metC/hmmer_output/Megasphaera-elsdenii-14-14-MAF-2_metC.domtblout
Mitsuokella-multacida-DSM-20544-MAF-2_metC,1_467/36-377,1_467,380,223.9,3.1e-67,0.1,342,223.7,8e-70,3.7e-67,0.1,workflow/out/metC/hmmer_output/Mitsuokella-multacida-DSM-20544-MAF-2_metC.domtblout
Mitsuokella-multacida-DSM-20544-MAF-2_metC,1_54/14-224,1_54,432,205.9,9e-62,1.0,211,109.5,3.9e-35,1.8e-32,0.9,workflow/out/metC/hmmer_output/Mitsuokella-multacida-DSM-20544-MAF-2_metC.domtblout
Mitsuokella-multacida-DSM-20544-MAF-2_metC,1_54/276-429,1_54,432,205.9,9e-62,1.0,154,94.7,1.2e-30,5.6e-28,0.0,workflow/out/metC/hmmer_output/Mitsuokella-multacida-DSM-20544-MAF-2_metC.domtblout
Mitsuokella-multacida-DSM-20544-MAF-2_metC,1_2160/106-203,1_2160,412,19.7,3.5e-05,0.2,98,19.0,1.2e-07,5.7e-05,0.2,workflow/out/metC/hmmer_output/Mitsuokella-multacida-DSM-20544-MAF-2_metC.domtblout
Mitsuokella-multacida-DSM-20544-MAF-2_metC,1_1110/99-180,1_1110,400,17.6,0.00015,0.0,82,16.9,5.2e-07,0.00024,0.0,workflow/out/metC/hmmer_output/Mitsuokella-multacida-DSM-20544-MAF-2_metC.domtblout
Mitsuokella-multacida-DSM-20544-MAF-2_metC,1_1730/100-211,1_1730,396,15.1,0.00089,0.0,112,14.6,2.6e-06,0.0012,0.0,workflow/out/metC/hmmer_output/Mitsuokella-multacida-DSM-20544-MAF-2_metC.domtblout
Parabacteroides-johnsonii-DSM-18315-MAF-2_metC,1_3331/12-242,1_3331,430,209.1,1.6e-62,1.1,231,111.4,8.3e-36,8.1e-33,1.5,workflow/out/metC/hmmer_output/Parabacteroides-johnsonii-DSM-18315-MAF-2_metC.domtblout
Parabacteroides-johnsonii-DSM-18315-MAF-2_metC,1_3331/272-428,1_3331,430,209.1,1.6e-62,1.1,157,95.6,5.1e-31,5e-28,0.0,workflow/out/metC/hmmer_output/Parabacteroides-johnsonii-DSM-18315-MAF-2_metC.domtblout
Parabacteroides-johnsonii-DSM-18315-MAF-2_metC,1_3826/14-235,1_3826,426,186.6,1.2e-55,0.0,222,119.0,4e-38,3.9e-35,0.0,workflow/out/metC/hmmer_output/Parabacteroides-johnsonii-DSM-18315-MAF-2_metC.domtblout
Parabacteroides-johnsonii-DSM-18315-MAF-2_metC,1_3826/267-424,1_3826,426,186.6,1.2e-55,0.0,158,65.9,5.7e-22,5.6e-19,0.0,workflow/out/metC/hmmer_output/Parabacteroides-johnsonii-DSM-18315-MAF-2_metC.domtblout
Parabacteroides-johnsonii-DSM-18315-MAF-2_metC,1_3365/101-207,1_3365,388,16.1,0.00072,0.3,107,15.5,1.1e-06,0.0011,0.3,workflow/out/metC/hmmer_output/Parabacteroides-johnsonii-DSM-18315-MAF-2_metC.domtblout
Parabacteroides-merdae-ATCC-43184-MAF-2_metC,1_3101/12-242,1_3101,430,204.9,2.9e-61,1.0,231,105.9,3e-34,3.6e-31,1.2,workflow/out/metC/hmmer_output/Parabacteroides-merdae-ATCC-43184-MAF-2_metC.domtblout
Parabacteroides-merdae-ATCC-43184-MAF-2_metC,1_3101/259-428,1_3101,430,204.9,2.9e-61,1.0,170,97.2,1.3e-31,1.5e-28,0.0,workflow/out/metC/hmmer_output/Parabacteroides-merdae-ATCC-43184-MAF-2_metC.domtblout
Parabacteroides-merdae-ATCC-43184-MAF-2_metC,1_3580/14-232,1_3580,426,186.7,9.9e-56,0.0,219,119.6,2e-38,2.4e-35,0.0,workflow/out/metC/hmmer_output/Parabacteroides-merdae-ATCC-43184-MAF-2_metC.domtblout
Parabacteroides-merdae-ATCC-43184-MAF-2_metC,1_3580/267-424,1_3580,426,186.7,9.9e-56,0.0,158,65.2,6.8e-22,8.2e-19,0.0,workflow/out/metC/hmmer_output/Parabacteroides-merdae-ATCC-43184-MAF-2_metC.domtblout
Parabacteroides-sp-D13-MAF-2_metC,1_3073/13-224,1_3073,430,201.6,3.8e-60,0.9,212,102.1,4.2e-33,6.5e-30,1.2,workflow/out/metC/hmmer_output/Parabacteroides-sp-D13-MAF-2_metC.domtblout
Parabacteroides-sp-D13-MAF-2_metC,1_3073/257-429,1_3073,430,201.6,3.8e-60,0.9,173,97.6,9.7e-32,1.5e-28,0.0,workflow/out/metC/hmmer_output/Parabacteroides-sp-D13-MAF-2_metC.domtblout
Parabacteroides-sp-D13-MAF-2_metC,1_4430/12-231,1_4430,427,192.3,2.5e-57,0.0,220,106.2,2.4e-34,3.6e-31,0.0,workflow/out/metC/hmmer_output/Parabacteroides-sp-D13-MAF-2_metC.domtblout
Parabacteroides-sp-D13-MAF-2_metC,1_4430/268-425,1_4430,427,192.3,2.5e-57,0.0,158,84.4,9.9e-28,1.5e-24,0.0,workflow/out/metC/hmmer_output/Parabacteroides-sp-D13-MAF-2_metC.domtblout
Phocaeicola_vulgatus_metC,NZ_AP025240.1_2714/13-224,NZ_AP025240.1_2714,429,220.6,5.6e-66,0.4,212,115.6,3.2e-37,4.4e-34,0.4,workflow/out/metC/hmmer_output/Phocaeicola_vulgatus_metC.domtblout
Phocaeicola_vulgatus_metC,NZ_AP025240.1_2714/272-426,NZ_AP025240.1_2714,429,220.6,5.6e-66,0.4,155,103.3,1.8e-33,2.5e-30,0.0,workflow/out/metC/hmmer_output/Phocaeicola_vulgatus_metC.domtblout
Phocaeicola_vulgatus_metC,NZ_AP025240.1_870/24-236,NZ_AP025240.1_870,426,179.1,2.4e-53,0.0,213,111.5,5.8e-36,8e-33,0.0,workflow/out/metC/hmmer_output/Phocaeicola_vulgatus_metC.domtblout
Phocaeicola_vulgatus_metC,NZ_AP025240.1_870/267-424,NZ_AP025240.1_870,426,179.1,2.4e-53,0.0,158,65.9,4.1e-22,5.7e-19,0.0,workflow/out/metC/hmmer_output/Phocaeicola_vulgatus_metC.domtblout
Prevotella-buccalis-ATCC-35310-MAF-2_metC,1_1411/18-240,1_1411,426,177.3,5.5e-53,0.0,223,112.9,2.1e-36,2e-33,0.0,workflow/out/metC/hmmer_output/Prevotella-buccalis-ATCC-35310-MAF-2_metC.domtblout
Prevotella-buccalis-ATCC-35310-MAF-2_metC,1_1411/264-423,1_1411,426,177.3,5.5e-53,0.0,160,62.7,4e-21,3.8e-18,0.0,workflow/out/metC/hmmer_output/Prevotella-buccalis-ATCC-35310-MAF-2_metC.domtblout
Prevotella-buccalis-ATCC-35310-MAF-2_metC,1_125/87-218,1_125,397,13.9,0.0025,0.0,132,13.5,3.6e-06,0.0034,0.0,workflow/out/metC/hmmer_output/Prevotella-buccalis-ATCC-35310-MAF-2_metC.domtblout
Prevotella-copri-DSM-18205-MAF-2_metC,scaffold_Scaffolds_0.cp.600_1949/14-225,scaffold_Scaffolds_0.cp.600_1949,432,220.2,4.9e-66,0.2,212,118.8,5.9e-38,3.3e-35,0.3,workflow/out/metC/hmmer_output/Prevotella-copri-DSM-18205-MAF-2_metC.domtblout
Prevotella-copri-DSM-18205-MAF-2_metC,scaffold_Scaffolds_0.cp.600_1949/260-427,scaffold_Scaffolds_0.cp.600_1949,432,220.2,4.9e-66,0.2,168,99.7,3.8e-32,2.1e-29,0.0,workflow/out/metC/hmmer_output/Prevotella-copri-DSM-18205-MAF-2_metC.domtblout
Prevotella-copri-DSM-18205-MAF-2_metC,scaffold_Scaffolds_0.cp.600_483/22-250,scaffold_Scaffolds_0.cp.600_483,428,166.2,1.3e-49,0.0,229,111.8,7.6e-36,4.3e-33,0.0,workflow/out/metC/hmmer_output/Prevotella-copri-DSM-18205-MAF-2_metC.domtblout
Prevotella-copri-DSM-18205-MAF-2_metC,scaffold_Scaffolds_0.cp.600_483/264-426,scaffold_Scaffolds_0.cp.600_483,428,166.2,1.3e-49,0.0,163,52.7,7.3e-18,4.1e-15,0.0,workflow/out/metC/hmmer_output/Prevotella-copri-DSM-18205-MAF-2_metC.domtblout
Prevotella-copri-DSM-18205-MAF-2_metC,scaffold_Scaffolds_0.cp.600_1331/5-166,scaffold_Scaffolds_0.cp.600_1331,168,46.0,4.3e-13,0.3,162,45.9,8.3e-16,4.7e-13,0.3,workflow/out/metC/hmmer_output/Prevotella-copri-DSM-18205-MAF-2_metC.domtblout
Prevotella-copri-DSM-18205-MAF-2_metC,scaffold_Scaffolds_0.cp.600_16/98-218,scaffold_Scaffolds_0.cp.600_16,409,14.2,0.002,0.0,121,13.5,5.7e-06,0.0032,0.0,workflow/out/metC/hmmer_output/Prevotella-copri-DSM-18205-MAF-2_metC.domtblout
Roseburia-intestinalis-L1-82-MAF-2_metC,1_2640/34-393,1_2640,395,210.9,4.9e-63,0.1,360,210.7,1.3e-65,5.8e-63,0.1,workflow/out/metC/hmmer_output/Roseburia-intestinalis-L1-82-MAF-2_metC.domtblout
Roseburia-intestinalis-L1-82-MAF-2_metC,1_353/18-229,1_353,436,197.2,7e-59,0.7,212,117.9,1.9e-37,8.6e-35,0.7,workflow/out/metC/hmmer_output/Roseburia-intestinalis-L1-82-MAF-2_metC.domtblout
Roseburia-intestinalis-L1-82-MAF-2_metC,1_353/277-433,1_353,436,197.2,7e-59,0.7,157,77.5,3.8e-25,1.7e-22,0.0,workflow/out/metC/hmmer_output/Roseburia-intestinalis-L1-82-MAF-2_metC.domtblout
Roseburia-intestinalis-L1-82-MAF-2_metC,1_3457/48-223,1_3457,430,178.3,4e-53,0.0,176,109.8,5.8e-35,2.6e-32,0.1,workflow/out/metC/hmmer_output/Roseburia-intestinalis-L1-82-MAF-2_metC.domtblout
Roseburia-intestinalis-L1-82-MAF-2_metC,1_3457/268-427,1_3457,430,178.3,4e-53,0.0,160,66.6,7.6e-22,3.4e-19,0.0,workflow/out/metC/hmmer_output/Roseburia-intestinalis-L1-82-MAF-2_metC.domtblout
Roseburia-intestinalis-L1-82-MAF-2_metC,1_293/47-216,1_293,411,135.0,5.7e-40,0.2,170,83.1,7.3e-27,3.3e-24,0.1,workflow/out/metC/hmmer_output/Roseburia-intestinalis-L1-82-MAF-2_metC.domtblout
Roseburia-intestinalis-L1-82-MAF-2_metC,1_293/245-408,1_293,411,135.0,5.7e-40,0.2,164,50.3,6.8e-17,3e-14,0.0,workflow/out/metC/hmmer_output/Roseburia-intestinalis-L1-82-MAF-2_metC.domtblout
Roseburia-intestinalis-L1-82-MAF-2_metC,1_3339/94-208,1_3339,394,26.2,6.6e-07,0.1,115,25.6,2.2e-09,9.8e-07,0.1,workflow/out/metC/hmmer_output/Roseburia-intestinalis-L1-82-MAF-2_metC.domtblout
Roseburia-intestinalis-L1-82-MAF-2_metC,1_3150/102-209,1_3150,393,22.5,8.7e-06,0.0,108,22.0,2.8e-08,1.3e-05,0.0,workflow/out/metC/hmmer_output/Roseburia-intestinalis-L1-82-MAF-2_metC.domtblout
Roseburia-intestinalis-L1-82-MAF-2_metC,1_372/60-181,1_372,379,16.1,0.00078,0.0,122,15.7,2.3e-06,0.001,0.0,workflow/out/metC/hmmer_output/Roseburia-intestinalis-L1-82-MAF-2_metC.domtblout
Roseburia-intestinalis-L1-82-MAF-2_metC,1_3961/59-191,1_3961,503,13.0,0.0067,0.0,133,12.2,2.6e-05,0.012,0.0,workflow/out/metC/hmmer_output/Roseburia-intestinalis-L1-82-MAF-2_metC.domtblout
Roseburia-intestinalis-L1-82-MAF-2_metC,1_2834/89-207,1_2834,485,12.8,0.0078,0.0,119,12.1,2.8e-05,0.013,0.0,workflow/out/metC/hmmer_output/Roseburia-intestinalis-L1-82-MAF-2_metC.domtblout
Roseburia_intestinalis_metC,NZ_LR027880.1_2646/34-393,NZ_LR027880.1_2646,395,210.9,4.9e-63,0.1,360,210.7,1.3e-65,5.8e-63,0.1,workflow/out/metC/hmmer_output/Roseburia_intestinalis_metC.domtblout
Roseburia_intestinalis_metC,NZ_LR027880.1_359/18-229,NZ_LR027880.1_359,436,197.2,7.1e-59,0.7,212,117.9,1.9e-37,8.6e-35,0.7,workflow/out/metC/hmmer_output/Roseburia_intestinalis_metC.domtblout
Roseburia_intestinalis_metC,NZ_LR027880.1_359/277-433,NZ_LR027880.1_359,436,197.2,7.1e-59,0.7,157,77.5,3.8e-25,1.7e-22,0.0,workflow/out/metC/hmmer_output/Roseburia_intestinalis_metC.domtblout
Roseburia_intestinalis_metC,NZ_LR027880.1_3465/48-223,NZ_LR027880.1_3465,430,178.3,4e-53,0.0,176,109.8,5.8e-35,2.6e-32,0.1,workflow/out/metC/hmmer_output/Roseburia_intestinalis_metC.domtblout
Roseburia_intestinalis_metC,NZ_LR027880.1_3465/268-427,NZ_LR027880.1_3465,430,178.3,4e-53,0.0,160,66.6,7.6e-22,3.4e-19,0.0,workflow/out/metC/hmmer_output/Roseburia_intestinalis_metC.domtblout
Roseburia_intestinalis_metC,NZ_LR027880.1_299/47-216,NZ_LR027880.1_299,411,135.0,5.7e-40,0.2,170,83.1,7.3e-27,3.3e-24,0.1,workflow/out/metC/hmmer_output/Roseburia_intestinalis_metC.domtblout
Roseburia_intestinalis_metC,NZ_LR027880.1_299/245-408,NZ_LR027880.1_299,411,135.0,5.7e-40,0.2,164,50.3,6.8e-17,3.1e-14,0.0,workflow/out/metC/hmmer_output/Roseburia_intestinalis_metC.domtblout
Roseburia_intestinalis_metC,NZ_LR027880.1_3347/94-208,NZ_LR027880.1_3347,394,26.2,6.6e-07,0.1,115,25.6,2.2e-09,9.8e-07,0.1,workflow/out/metC/hmmer_output/Roseburia_intestinalis_metC.domtblout
Roseburia_intestinalis_metC,NZ_LR027880.1_3158/102-209,NZ_LR027880.1_3158,393,22.5,8.7e-06,0.0,108,22.0,2.8e-08,1.3e-05,0.0,workflow/out/metC/hmmer_output/Roseburia_intestinalis_metC.domtblout
Roseburia_intestinalis_metC,NZ_LR027880.1_378/60-181,NZ_LR027880.1_378,379,16.1,0.00078,0.0,122,15.7,2.3e-06,0.001,0.0,workflow/out/metC/hmmer_output/Roseburia_intestinalis_metC.domtblout
Roseburia_intestinalis_metC,NZ_LR027880.1_3972/59-191,NZ_LR027880.1_3972,503,13.0,0.0067,0.0,133,12.2,2.6e-05,0.012,0.0,workflow/out/metC/hmmer_output/Roseburia_intestinalis_metC.domtblout
Roseburia_intestinalis_metC,NZ_LR027880.1_2841/89-207,NZ_LR027880.1_2841,485,12.8,0.0078,0.0,119,12.1,2.8e-05,0.013,0.0,workflow/out/metC/hmmer_output/Roseburia_intestinalis_metC.domtblout
Ruminococcus-gauvreauii-DSM-19829-MAF-2_metC,1_672/12-389,1_672,393,276.0,7.4e-83,0.0,378,275.8,1.8e-85,8.6e-83,0.0,workflow/out/metC/hmmer_output/Ruminococcus-gauvreauii-DSM-19829-MAF-2_metC.domtblout
Ruminococcus-gauvreauii-DSM-19829-MAF-2_metC,1_968/17-228,1_968,436,200.5,6.6e-60,0.2,212,116.8,3.8e-37,1.8e-34,0.1,workflow/out/metC/hmmer_output/Ruminococcus-gauvreauii-DSM-19829-MAF-2_metC.domtblout
Ruminococcus-gauvreauii-DSM-19829-MAF-2_metC,1_968/276-432,1_968,436,200.5,6.6e-60,0.2,157,82.0,1.4e-26,6.7e-24,0.0,workflow/out/metC/hmmer_output/Ruminococcus-gauvreauii-DSM-19829-MAF-2_metC.domtblout
Ruminococcus-gauvreauii-DSM-19829-MAF-2_metC,1_601/47-233,1_601,426,170.2,1e-50,0.1,187,103.3,4.7e-33,2.2e-30,0.0,workflow/out/metC/hmmer_output/Ruminococcus-gauvreauii-DSM-19829-MAF-2_metC.domtblout
Ruminococcus-gauvreauii-DSM-19829-MAF-2_metC,1_601/265-425,1_601,426,170.2,1e-50,0.1,161,65.2,1.9e-21,8.8e-19,0.0,workflow/out/metC/hmmer_output/Ruminococcus-gauvreauii-DSM-19829-MAF-2_metC.domtblout
Ruminococcus-gauvreauii-DSM-19829-MAF-2_metC,1_724/77-254,1_724,484,19.5,6.5e-05,0.6,178,18.8,2.2e-07,0.00011,0.6,workflow/out/metC/hmmer_output/Ruminococcus-gauvreauii-DSM-19829-MAF-2_metC.domtblout
Ruminococcus-gauvreauii-DSM-19829-MAF-2_metC,1_1247/93-207,1_1247,388,17.1,0.00035,0.0,115,16.8,9.2e-07,0.00044,0.0,workflow/out/metC/hmmer_output/Ruminococcus-gauvreauii-DSM-19829-MAF-2_metC.domtblout
Ruminococcus-gauvreauii-DSM-19829-MAF-2_metC,1_482/164-257,1_482,488,14.1,0.0029,0.0,94,11.6,3.4e-05,0.016,0.0,workflow/out/metC/hmmer_output/Ruminococcus-gauvreauii-DSM-19829-MAF-2_metC.domtblout
Ruminococcus-lactaris-ATCC-29176-MAF-2_metC,1_2259/42-383,1_2259,385,216.6,5.4e-65,0.0,342,216.5,9.4e-68,5.8e-65,0.0,workflow/out/metC/hmmer_output/Ruminococcus-lactaris-ATCC-29176-MAF-2_metC.domtblout
Ruminococcus-lactaris-ATCC-29176-MAF-2_metC,1_2261/18-228,1_2261,436,191.2,2.9e-57,0.1,211,109.0,4.5e-35,2.8e-32,0.2,workflow/out/metC/hmmer_output/Ruminococcus-lactaris-ATCC-29176-MAF-2_metC.domtblout
Ruminococcus-lactaris-ATCC-29176-MAF-2_metC,1_2261/277-434,1_2261,436,191.2,2.9e-57,0.1,158,80.3,2.4e-26,1.5e-23,0.0,workflow/out/metC/hmmer_output/Ruminococcus-lactaris-ATCC-29176-MAF-2_metC.domtblout
Ruminococcus-lactaris-ATCC-29176-MAF-2_metC,1_1280/10-222,1_1280,426,189.7,8e-57,0.0,213,112.3,4.4e-36,2.7e-33,0.0,workflow/out/metC/hmmer_output/Ruminococcus-lactaris-ATCC-29176-MAF-2_metC.domtblout
Ruminococcus-lactaris-ATCC-29176-MAF-2_metC,1_1280/267-424,1_1280,426,189.7,8e-57,0.0,158,75.8,5.6e-25,3.4e-22,0.0,workflow/out/metC/hmmer_output/Ruminococcus-lactaris-ATCC-29176-MAF-2_metC.domtblout
Ruminococcus-lactaris-ATCC-29176-MAF-2_metC,1_247/124-181,1_247,379,13.4,0.003,0.0,58,13.0,6.5e-06,0.004,0.0,workflow/out/metC/hmmer_output/Ruminococcus-lactaris-ATCC-29176-MAF-2_metC.domtblout
Ruminococcus-torques-ATCC-27756-MAF-2_metC,1_1482/11-222,1_1482,430,199.2,1e-59,1.0,212,101.6,7.6e-33,4.7e-30,0.3,workflow/out/metC/hmmer_output/Ruminococcus-torques-ATCC-27756-MAF-2_metC.domtblout
Ruminococcus-torques-ATCC-27756-MAF-2_metC,1_1482/268-425,1_1482,430,199.2,1e-59,1.0,158,96.7,2.4e-31,1.5e-28,0.0,workflow/out/metC/hmmer_output/Ruminococcus-torques-ATCC-27756-MAF-2_metC.domtblout
Ruminococcus-torques-ATCC-27756-MAF-2_metC,1_1377/8-222,1_1377,425,178.8,1.7e-53,0.0,215,110.2,1.9e-35,1.2e-32,0.0,workflow/out/metC/hmmer_output/Ruminococcus-torques-ATCC-27756-MAF-2_metC.domtblout
Ruminococcus-torques-ATCC-27756-MAF-2_metC,1_1377/267-423,1_1377,425,178.8,1.7e-53,0.0,157,66.9,2.8e-22,1.7e-19,0.0,workflow/out/metC/hmmer_output/Ruminococcus-torques-ATCC-27756-MAF-2_metC.domtblout
Ruminococcus-torques-ATCC-27756-MAF-2_metC,1_2032/52-180,1_2032,379,19.1,5.6e-05,0.1,129,18.6,1.3e-07,7.9e-05,0.1,workflow/out/metC/hmmer_output/Ruminococcus-torques-ATCC-27756-MAF-2_metC.domtblout
Ruminococcus-torques-ATCC-27756-MAF-2_metC,1_237/92-210,1_237,391,16.8,0.00028,0.0,119,15.6,1.1e-06,0.00065,0.0,workflow/out/metC/hmmer_output/Ruminococcus-torques-ATCC-27756-MAF-2_metC.domtblout
Ruminococcus_bromii_metC,NZ_NNSR01000042.1_19/15-227,NZ_NNSR01000042.1_19,434,203.1,5.6e-61,0.3,213,115.0,8.5e-37,3.4e-34,0.4,workflow/out/metC/hmmer_output/Ruminococcus_bromii_metC.domtblout
Ruminococcus_bromii_metC,NZ_NNSR01000042.1_19/275-430,NZ_NNSR01000042.1_19,434,203.1,5.6e-61,0.3,156,86.2,4.8e-28,1.9e-25,0.0,workflow/out/metC/hmmer_output/Ruminococcus_bromii_metC.domtblout
Ruminococcus_bromii_metC,NZ_NNSR01000025.1_10/5-227,NZ_NNSR01000025.1_10,424,186.0,8.8e-56,0.1,223,103.9,2e-33,7.8e-31,0.0,workflow/out/metC/hmmer_output/Ruminococcus_bromii_metC.domtblout
Ruminococcus_bromii_metC,NZ_NNSR01000025.1_10/264-422,NZ_NNSR01000025.1_10,424,186.0,8.8e-56,0.1,159,80.3,2.8e-26,1.1e-23,0.0,workflow/out/metC/hmmer_output/Ruminococcus_bromii_metC.domtblout
Ruminococcus_bromii_metC,NZ_NNSR01000069.1_80/5-217,NZ_NNSR01000069.1_80,416,152.1,1.8e-45,0.0,213,100.7,1.9e-32,7.5e-30,0.0,workflow/out/metC/hmmer_output/Ruminococcus_bromii_metC.domtblout
Ruminococcus_bromii_metC,NZ_NNSR01000069.1_80/244-406,NZ_NNSR01000069.1_80,416,152.1,1.8e-45,0.0,163,49.6,6.1e-17,2.4e-14,0.0,workflow/out/metC/hmmer_output/Ruminococcus_bromii_metC.domtblout
Ruminococcus_bromii_metC,NZ_NNSR01000063.1_14/96-208,NZ_NNSR01000063.1_14,393,19.8,2.9e-05,0.0,113,18.8,1.4e-07,5.6e-05,0.0,workflow/out/metC/hmmer_output/Ruminococcus_bromii_metC.domtblout
Ruminococcus_bromii_metC,NZ_NNSR01000026.1_70/54-196,NZ_NNSR01000026.1_70,389,15.5,0.00056,0.0,143,15.0,2e-06,0.00081,0.0,workflow/out/metC/hmmer_output/Ruminococcus_bromii_metC.domtblout
Streptococcus-thermophilus-LMD-9-MAF-2_metC,1_1151/11-224,1_1151,427,194.1,3.4e-58,0.1,214,121.7,3.1e-39,3.5e-36,0.2,workflow/out/metC/hmmer_output/Streptococcus-thermophilus-LMD-9-MAF-2_metC.domtblout
Streptococcus-thermophilus-LMD-9-MAF-2_metC,1_1151/268-425,1_1151,427,194.1,3.4e-58,0.1,158,70.7,9.9e-24,1.1e-20,0.0,workflow/out/metC/hmmer_output/Streptococcus-thermophilus-LMD-9-MAF-2_metC.domtblout
Streptococcus-thermophilus-LMD-9-MAF-2_metC,1_405/9-362,1_405,365,155.7,1.6e-46,0.1,354,149.3,1.3e-47,1.5e-44,0.1,workflow/out/metC/hmmer_output/Streptococcus-thermophilus-LMD-9-MAF-2_metC.domtblout
Subdoligranulum-variabile-DSM-15176-MAF-2_metC,1_219/28-222,1_219,429,178.6,2.4e-53,0.1,195,110.6,1.5e-35,1.1e-32,0.0,workflow/out/metC/hmmer_output/Subdoligranulum-variabile-DSM-15176-MAF-2_metC.domtblout
Subdoligranulum-variabile-DSM-15176-MAF-2_metC,1_219/269-427,1_219,429,178.6,2.4e-53,0.1,159,66.1,4.8e-22,3.6e-19,0.0,workflow/out/metC/hmmer_output/Subdoligranulum-variabile-DSM-15176-MAF-2_metC.domtblout
Subdoligranulum-variabile-DSM-15176-MAF-2_metC,1_2557/95-207,1_2557,394,24.3,1.8e-06,0.1,113,23.2,5.2e-09,3.9e-06,0.0,workflow/out/metC/hmmer_output/Subdoligranulum-variabile-DSM-15176-MAF-2_metC.domtblout
Subdoligranulum-variabile-DSM-15176-MAF-2_metC,1_815/39-153,1_815,377,19.8,4.1e-05,0.1,115,19.5,7e-08,5.2e-05,0.1,workflow/out/metC/hmmer_output/Subdoligranulum-variabile-DSM-15176-MAF-2_metC.domtblout
Subdoligranulum-variabile-DSM-15176-MAF-2_metC,1_1271/16-183,1_1271,384,13.6,0.0033,0.0,168,13.2,5.9e-06,0.0043,0.0,workflow/out/metC/hmmer_output/Subdoligranulum-variabile-DSM-15176-MAF-2_metC.domtblout
Tyzzerella-nexilis-DSM-1787-MAF-2_metC,1_1368/10-221,1_1368,426,209.1,1.5e-62,2.3,212,116.7,3.1e-37,1.9e-34,1.5,workflow/out/metC/hmmer_output/Tyzzerella-nexilis-DSM-1787-MAF-2_metC.domtblout
Tyzzerella-nexilis-DSM-1787-MAF-2_metC,1_1368/269-425,1_1368,426,209.1,1.5e-62,2.3,157,91.5,1.4e-29,8.6e-27,0.0,workflow/out/metC/hmmer_output/Tyzzerella-nexilis-DSM-1787-MAF-2_metC.domtblout
Tyzzerella-nexilis-DSM-1787-MAF-2_metC,1_1849/9-231,1_1849,428,183.8,7.6e-55,0.1,223,116.6,3.3e-37,2.1e-34,0.0,workflow/out/metC/hmmer_output/Tyzzerella-nexilis-DSM-1787-MAF-2_metC.domtblout
Tyzzerella-nexilis-DSM-1787-MAF-2_metC,1_1849/267-426,1_1849,428,183.8,7.6e-55,0.1,160,65.5,1.1e-21,6.6e-19,0.0,workflow/out/metC/hmmer_output/Tyzzerella-nexilis-DSM-1787-MAF-2_metC.domtblout
Tyzzerella-nexilis-DSM-1787-MAF-2_metC,1_3228/91-205,1_3228,390,17.9,0.00019,0.0,115,17.7,3.8e-07,0.00023,0.0,workflow/out/metC/hmmer_output/Tyzzerella-nexilis-DSM-1787-MAF-2_metC.domtblout
Tyzzerella-nexilis-DSM-1787-MAF-2_metC,1_2820/132-200,1_2820,389,15.7,0.00095,0.0,69,15.3,2e-06,0.0013,0.0,workflow/out/metC/hmmer_output/Tyzzerella-nexilis-DSM-1787-MAF-2_metC.domtblout
Tyzzerella-nexilis-DSM-1787-MAF-2_metC,1_39/65-216,1_39,465,13.1,0.0057,0.0,152,12.5,1.4e-05,0.0088,0.0,workflow/out/metC/hmmer_output/Tyzzerella-nexilis-DSM-1787-MAF-2_metC.domtblout
Veillonella-sp-3-1-44-MAF-2_metC,1_273/8-376,1_273,378,244.2,1.8e-73,0.0,369,244.0,3.1e-76,2e-73,0.0,workflow/out/metC/hmmer_output/Veillonella-sp-3-1-44-MAF-2_metC.domtblout
Veillonella-sp-3-1-44-MAF-2_metC,1_276/12-222,1_276,424,198.8,1.1e-59,1.4,211,136.3,1.7e-43,1.1e-40,0.8,workflow/out/metC/hmmer_output/Veillonella-sp-3-1-44-MAF-2_metC.domtblout
Veillonella-sp-3-1-44-MAF-2_metC,1_276/266-421,1_276,424,198.8,1.1e-59,1.4,156,61.2,1.1e-20,6.9e-18,0.0,workflow/out/metC/hmmer_output/Veillonella-sp-3-1-44-MAF-2_metC.domtblout
Veillonella-sp-3-1-44-MAF-2_metC,1_354/89-131,1_354,155,12.9,0.0035,0.0,43,12.5,6.8e-06,0.0043,0.0,workflow/out/metC/hmmer_output/Veillonella-sp-3-1-44-MAF-2_metC.domtblout
Veillonella-sp-6-1-27-MAF-2_metC,1_272/8-376,1_272,378,244.2,1.8e-73,0.0,369,244.0,3.1e-76,2e-73,0.0,workflow/out/metC/hmmer_output/Veillonella-sp-6-1-27-MAF-2_metC.domtblout
Veillonella-sp-6-1-27-MAF-2_metC,1_275/12-222,1_275,424,200.2,4.1e-60,1.3,211,137.7,6.4e-44,4.1e-41,0.7,workflow/out/metC/hmmer_output/Veillonella-sp-6-1-27-MAF-2_metC.domtblout
Veillonella-sp-6-1-27-MAF-2_metC,1_275/266-421,1_275,424,200.2,4.1e-60,1.3,156,61.2,1.1e-20,6.9e-18,0.0,workflow/out/metC/hmmer_output/Veillonella-sp-6-1-27-MAF-2_metC.domtblout
Veillonella-sp-6-1-27-MAF-2_metC,1_351/89-131,1_351,155,12.9,0.0034,0.0,43,12.5,6.8e-06,0.0043,0.0,workflow/out/metC/hmmer_output/Veillonella-sp-6-1-27-MAF-2_metC.domtblout
